Real_Content,Real_Wording,Predicted_Content,Predicted_Wording
0.205682506482641,0.380537638762288,0.029000537,-0.12652385
-0.39331016991752,0.627128228216951,0.029000537,-0.12652385
0.205682506482641,0.380537638762288,-0.048288807,-0.30403185
1.26880717534011,0.537241357422765,-0.048288807,-0.30403185
-1.37647185157937,-1.37816386318963,-0.06270464,-0.16384287
-0.917619124954427,-0.879255811734041,0.029000537,-0.12652385
0.397283539930166,0.885981470769802,0.11411746,0.44076788
0.205682506482641,0.380537638762288,-0.048288807,-0.30403185
0.0888824040334871,-0.594710121694779,-0.048288807,-0.30403185
0.559070107442079,-0.634924456786451,-0.048288807,-0.30403185
-0.276203311473923,-0.0685883145637294,0.029000537,-0.12652385
1.14000220234854,0.743617611785757,-0.06270464,-0.16384287
-0.981264914141905,-1.54890021399466,-0.06270464,-0.16384287
-0.45143699301711,-1.2538256898768,0.029000537,-0.12652385
-1.54716321678788,-1.46124482282529,0.029000537,-0.12652385
0.297030624358104,-0.168733888829912,-0.048288807,-0.30403185
-0.153454049433642,0.168544074280091,0.11411746,0.44076788
0.297030624358104,-0.168733888829912,0.029000537,-0.12652385
0.050688599419699,0.260164764093871,-0.06270464,-0.16384287
0.114104399738221,-1.50895600950958,0.11411746,0.44076788
-0.0024657138419762,-0.04543859410258,-0.048288807,-0.30403185
-1.54716321678788,-1.46124482282529,-0.048288807,-0.30403185
0.388378742233568,-0.718005416422111,-0.048288807,-0.30403185
-0.382272237741744,-1.79549080344932,-0.048288807,-0.30403185
1.70728697858944,1.38158740913282,0.11411746,0.44076788
0.958819361214222,0.296495608085931,0.029000537,-0.12652385
-0.798338689522021,-0.208678093314985,0.029000537,-0.12652385
-0.39331016991752,0.627128228216951,-0.06270464,-0.16384287
0.205682506482641,0.380537638762288,-0.048288807,-0.30403185
0.205682506482641,0.380537638762288,-0.048288807,-0.30403185
-0.365607841229535,-0.591787701635864,-0.048288792,-0.30403188
0.440019660878631,1.13326300065856,-0.06270465,-0.16384284
-0.607944294696665,0.171466494339006,0.11411746,0.44076788
0.205682506482641,0.380537638762288,-0.048288807,-0.30403185
-0.548304076980462,0.506755353548534,-0.048288807,-0.30403185
-1.54716321678788,-1.46124482282529,0.029000537,-0.12652385
2.17293236566335,0.239216658363737,0.029000537,-0.12652385
-1.54716321678788,-1.46124482282529,-0.06270464,-0.16384287
-1.54716321678788,-1.46124482282529,-0.048288807,-0.30403185
0.825345150866286,1.67200569417217,0.11411746,0.44076788
0.205682506482641,0.380537638762288,0.029000537,-0.12652385
-0.511077210733313,-1.58911454908633,-0.06270464,-0.16384287
-0.434889806140019,-1.33329328901945,0.029000537,-0.12652385
-0.0024657138419762,-0.04543859410258,-0.048288807,-0.30403185
-0.794026362056302,-1.54528685350164,-0.06270464,-0.16384287
-1.26919628668938,0.474037870049486,0.11411746,0.44076788
-0.248807738780381,0.383460058821202,0.11411746,0.44076788
-1.54716321678788,-1.46124482282529,-0.048288807,-0.30403185
-0.921624696425702,-1.21361135478513,-0.048288807,-0.30403185
1.40779064038936,1.50488270386015,-0.06270464,-0.16384287
-1.63851133466335,-0.911973295233088,-0.048288807,-0.30403185
1.25928263778094,1.41419533020481,-0.06270464,-0.16384287
1.64764676087323,1.04629854992329,0.029000537,-0.12652385
-0.0024657138419762,-0.04543859410258,-0.06270464,-0.16384287
0.205682506482641,0.380537638762288,0.11411746,0.44076788
-0.842281449092654,-0.58125886755727,-0.06270464,-0.16384287
-1.14493363003249,-0.834494799990917,0.11411746,0.44076788
-0.248807738780381,0.383460058821202,0.11411746,0.44076788
0.205682506482641,0.380537638762288,0.029000537,-0.12652385
0.388378742233568,-0.718005416422111,-0.06270464,-0.16384287
2.04987634762863,1.67304857275766,0.029000537,-0.12652385
-0.739905110427988,0.0013115215410194,0.029000537,-0.12652385
0.360676413545583,0.500910513430704,0.114117496,0.44076797
1.37585275136114,-0.0493220852021911,-0.048288792,-0.30403188
2.20402052596005,1.83559713153597,0.029000537,-0.12652385
-0.511077210733313,-1.58911454908633,-0.06270464,-0.16384287
0.297030624358104,-0.168733888829912,-0.06270464,-0.16384287
-0.0938138317174397,0.503832933489619,0.029000537,-0.12652385
1.00276212078485,0.669076382328216,-0.048288807,-0.30403185
0.499659878594833,1.46855185986809,-0.06270464,-0.16384287
-0.910596475636499,-0.0817694380946405,-0.06270464,-0.16384287
-0.531756890103371,0.427287754405887,0.11411746,0.44076788
-0.0621059315581789,-0.380727453312108,0.11411746,0.44076788
2.71792100007032,-0.270801605177487,0.029000537,-0.12652385
0.440019660878631,1.13326300065856,-0.048288807,-0.30403185
-0.910596475636499,-0.0817694380946405,-0.048288807,-0.30403185
-0.39331016991752,0.627128228216951,0.029000537,-0.12652385
2.12921959496168,2.30540105998552,0.11411746,0.44076788
-0.456955959104999,-0.0425161740436652,-0.06270464,-0.16384287
-1.35556218334036,-0.955800990817773,-0.048288807,-0.30403185
2.08158424778789,0.788488185955936,0.029000537,-0.12652385
0.233384835170626,-0.838378291090528,-0.06270464,-0.16384287
0.376373871691152,0.463618598397948,-0.06270464,-0.16384287
-1.54716321678788,-1.46124482282529,-0.06270464,-0.16384287
0.205682506482641,0.380537638762288,-0.048288807,-0.30403185
-0.681768575941824,-1.67219550872199,-0.06270464,-0.16384287
0.0292421863172845,-0.929998980904307,0.029000537,-0.12652385
-1.42788278135548,-0.790667104406232,0.029000537,-0.12652385
0.205682506482641,0.380537638762288,0.11411746,0.44076788
-0.308447956496584,0.0481711996116745,-0.048288807,-0.30403185
-0.157459620904918,-0.165811468770997,-0.06270464,-0.16384287
-1.42788278135548,-0.790667104406232,0.029000537,-0.12652385
-0.39331016991752,0.627128228216951,0.11411746,0.44076788
-0.981264914141905,-1.54890021399466,-0.06270464,-0.16384287
-1.48752299907168,-1.12595596361576,-0.06270465,-0.16384284
-0.901921666808857,-0.916547726766798,0.02900053,-0.12652382
-0.910596475636499,-0.0817694380946405,0.029000537,-0.12652385
-0.0938138317174397,0.503832933489619,0.11411746,0.44076788
-0.382272237741744,-1.79549080344932,0.029000537,-0.12652385
1.50465772435271,-0.255698339565183,-0.06270464,-0.16384287
-0.157459620904918,-0.165811468770997,-0.048288807,-0.30403185
-0.974242264823977,-0.751413840355257,0.029000537,-0.12652385
0.814316930077083,0.54016377748168,0.029000537,-0.12652385
-0.831253228303451,0.550583049133219,-0.06270464,-0.16384287
-0.831253228303451,0.550583049133219,0.029000537,-0.12652385
-0.735899538956712,0.335667064592108,-0.06270464,-0.16384287
0.559070107442079,-0.634924456786451,-0.06270464,-0.16384287
-0.922831335047871,-1.33891059913865,-0.048288807,-0.30403185
0.798306488063392,1.38743224925065,0.029000537,-0.12652385
-0.564001535126031,0.544047268581291,0.029000537,-0.12652385
-0.981264914141905,-1.54890021399466,-0.06270464,-0.16384287
0.0888824040334871,-0.594710121694779,-0.06270464,-0.16384287
-0.248807738780381,0.383460058821202,-0.06270464,-0.16384287
-0.981264914141905,-1.54890021399466,-0.048288807,-0.30403185
-0.0938138317174397,0.503832933489619,-0.048288807,-0.30403185
-0.739905110427988,0.0013115215410194,0.11411746,0.44076788
-1.54716321678788,-1.46124482282529,-0.048288807,-0.30403185
-0.31245352796786,-0.286184343439414,-0.06270464,-0.16384287
-1.54716321678788,-1.46124482282529,0.029000537,-0.12652385
0.814316930077083,0.54016377748168,0.029000537,-0.12652385
-0.173157079050488,-0.12851955373824,0.11411746,0.44076788
-1.54716321678788,-1.46124482282529,0.029000537,-0.12652385
0.205682506482641,0.380537638762288,-0.048288807,-0.30403185
-1.54716321678788,-1.46124482282529,0.029000537,-0.12652385
1.65880190268413,-0.0931497807868758,0.029000537,-0.12652385
-0.713476476101085,-0.787635121920262,-0.048288807,-0.30403185
-0.301962052042057,0.0778567006247517,-0.06270465,-0.16384284
0.297030624358104,-0.168733888829912,-0.048288792,-0.30403188
0.985008295285594,0.62324473711734,0.11411746,0.44076788
-1.2476668785878,-1.58454011755262,-0.048288807,-0.30403185
0.985008295285594,0.62324473711734,-0.048288807,-0.30403185
-0.0621059315581789,-0.380727453312108,-0.06270464,-0.16384287
0.691030923173402,-0.464769483988464,0.029000537,-0.12652385
-0.456955959104999,-0.0425161740436652,-0.048288807,-0.30403185
0.467721989566616,-0.0856529291942516,0.029000537,-0.12652385
-1.06158481122816,0.132213230288031,0.11411746,0.44076788
-1.63851133466335,-0.911973295233088,0.11411746,0.44076788
1.45088367122847,1.91963916221233,-0.06270464,-0.16384287
0.189135319605549,0.460005237904934,-0.048288807,-0.30403185
-0.456955959104999,-0.0425161740436652,-0.048288807,-0.30403185
1.0821053681179,1.30142886955607,0.029000537,-0.12652385
0.376373871691152,0.463618598397948,0.029000537,-0.12652385
-0.328150986113429,-0.248892428406657,-0.048288807,-0.30403185
1.65903189155308,2.34561539507719,-0.048288807,-0.30403185
-0.419499103988893,0.300379099185542,0.11411746,0.44076788
-0.382272237741744,-1.79549080344932,-0.048288807,-0.30403185
0.205682506482641,0.380537638762288,-0.06270464,-0.16384287
0.205682506482641,0.380537638762288,-0.06270464,-0.16384287
0.531367778754094,0.583991473066364,0.029000537,-0.12652385
-1.54716321678788,-1.46124482282529,0.029000537,-0.12652385
-0.511077210733313,-1.58911454908633,-0.048288807,-0.30403185
-0.676259321240509,0.670955923801635,0.11411746,0.44076788
-1.48752299907168,-1.12595596361576,-0.048288807,-0.30403185
0.0888824040334871,-0.594710121694779,-0.06270464,-0.16384287
-1.54716321678788,-1.46124482282529,-0.06270464,-0.16384287
0.408081771850413,-0.420941788403779,-0.048288807,-0.30403185
0.376373871691152,0.463618598397948,-0.048288807,-0.30403185
1.07658640203001,2.51273838538921,0.11411746,0.44076788
-0.382272237741744,-1.79549080344932,0.02900053,-0.12652382
1.70728697858944,1.38158740913282,0.114117496,0.44076797
-0.157459620904918,-0.165811468770997,-0.048288807,-0.30403185
0.297030624358104,-0.168733888829912,-0.06270464,-0.16384287
-0.933629566968118,-0.0319873399650709,0.11411746,0.44076788
1.42295135367153,0.699789916201072,0.029000537,-0.12652385
1.65903189155308,2.34561539507719,0.029000537,-0.12652385
-1.54716321678788,-1.46124482282529,-0.048288807,-0.30403185
-1.14092805856121,-0.500139256939828,0.11411746,0.44076788
-0.648556992552524,-0.54796000605118,-0.048288807,-0.30403185
-0.157459620904918,-0.165811468770997,0.029000537,-0.12652385
-0.548304076980462,0.506755353548534,0.11411746,0.44076788
-0.595939424154249,-1.01015752048105,-0.06270464,-0.16384287
-1.14493363003249,-0.834494799990917,0.029000537,-0.12652385
-1.54716321678788,-1.46124482282529,-0.06270464,-0.16384287
1.25279673332641,1.38450982919173,0.11411746,0.44076788
-1.43988765189789,0.390956910413826,0.11411746,0.44076788
0.142036717295162,-0.289106763498329,-0.06270464,-0.16384287
-0.456106230373477,-0.0846918581535552,0.029000537,-0.12652385
0.297030624358104,-0.168733888829912,-0.06270464,-0.16384287
-1.12523060041564,-0.537431171972585,0.029000537,-0.12652385
0.531367778754094,0.583991473066364,0.029000537,-0.12652385
-0.0818089611750242,-0.677791081330439,-0.06270464,-0.16384287
-0.0938138317174397,0.503832933489619,-0.048288807,-0.30403185
-1.54716321678788,-1.46124482282529,-0.048288807,-0.30403185
-0.440408772227907,-0.121983773186312,-0.048288807,-0.30403185
0.388378742233568,-0.718005416422111,-0.06270464,-0.16384287
2.71815098893927,2.16796357068658,0.029000537,-0.12652385
0.205682506482641,0.380537638762288,0.11411746,0.44076788
-1.54716321678788,-1.46124482282529,-0.06270464,-0.16384287
-1.35556218334036,-0.955800990817773,0.029000537,-0.12652385
-0.301962052042057,0.0778567006247517,-0.06270464,-0.16384287
-1.18487081813185,-0.872720031182113,0.114117496,0.44076797
-0.210613934166593,-0.471414826967448,-0.048288792,-0.30403188
-0.674745926623897,-0.874709135082588,-0.048288807,-0.30403185
-1.54716321678788,-1.46124482282529,0.029000537,-0.12652385
0.205682506482641,0.380537638762288,0.11411746,0.44076788
-0.901921666808857,-0.916547726766798,-0.06270464,-0.16384287
-0.831253228303451,0.550583049133219,0.11411746,0.44076788
-0.210613934166593,-0.471414826967448,0.029000537,-0.12652385
-0.349060654352444,-0.671255300778511,0.11411746,0.44076788
-1.26421406546489,-1.50507251840997,0.029000537,-0.12652385
-0.39331016991752,0.627128228216951,-0.06270464,-0.16384287
-0.8619844787095,-0.878322495575601,-0.048288807,-0.30403185
-0.0621059315581789,-0.380727453312108,0.029000537,-0.12652385
-1.07261303201737,-0.999628686402458,0.029000537,-0.12652385
-1.08128784084501,-0.164850397730301,0.029000537,-0.12652385
1.99023612991243,1.33775971354814,0.029000537,-0.12652385
0.237390406641902,-0.504022748039439,-0.048288807,-0.30403185
0.591007996470297,0.919280332275892,0.029000537,-0.12652385
-0.986247135366393,0.430210174464802,-0.048288807,-0.30403185
-0.0938138317174397,0.503832933489619,-0.06270464,-0.16384287
-0.0938138317174397,0.503832933489619,-0.048288807,-0.30403185
3.71137395302369,4.06410256193744,0.11411746,0.44076788
-0.691293113500988,-0.795241535939942,-0.06270464,-0.16384287
-1.42788278135548,-0.790667104406232,-0.06270464,-0.16384287
-0.810573548933394,-1.465819254359,-0.06270464,-0.16384287
0.269098306801162,-1.38858313484117,0.029000537,-0.12652385
0.0934247203681632,0.507446293982632,-0.048288807,-0.30403185
-1.01297281430117,-0.66433982719293,0.11411746,0.44076788
1.71292315431244,1.45344859425579,-0.048288807,-0.30403185
-0.308447956496584,0.0481711996116745,0.029000537,-0.12652385
-0.798338689522021,-0.208678093314985,-0.06270464,-0.16384287
-1.54716321678788,-1.46124482282529,-0.06270464,-0.16384287
-1.54716321678788,-1.46124482282529,-0.06270465,-0.16384284
-1.1880266608716,-1.24925125834309,-0.06270465,-0.16384284
0.750671140889605,-0.129480624778936,-0.048288807,-0.30403185
1.69073979171235,1.46105500827547,0.11411746,0.44076788
-0.39331016991752,0.627128228216951,0.029000537,-0.12652385
-0.39331016991752,0.627128228216951,0.11411746,0.44076788
-0.376762983040429,0.547660629074304,0.029000537,-0.12652385
1.25279673332641,1.38450982919173,-0.06270464,-0.16384287
0.376373871691152,0.463618598397948,-0.048288807,-0.30403185
-0.0938138317174397,0.503832933489619,-0.048288807,-0.30403185
-1.26421406546489,-1.50507251840997,-0.048288807,-0.30403185
0.297030624358104,-0.168733888829912,-0.06270464,-0.16384287
1.53659561338093,1.29850644949716,-0.048288807,-0.30403185
-0.536299206438047,-0.674868661271524,-0.06270464,-0.16384287
-0.328150986113429,-0.248892428406657,0.11411746,0.44076788
0.205682506482641,0.380537638762288,-0.048288807,-0.30403185
-1.26421406546489,-1.50507251840997,0.029000537,-0.12652385
0.205682506482641,0.380537638762288,0.11411746,0.44076788
0.531367778754094,0.583991473066364,0.11411746,0.44076788
-0.456955959104999,-0.0425161740436652,0.029000537,-0.12652385
-1.21657871829111,0.0118403556196139,0.11411746,0.44076788
-0.153454049433642,0.168544074280091,0.029000537,-0.12652385
-0.23226055190329,0.303992459678555,-0.048288807,-0.30403185
-0.981264914141905,-1.54890021399466,-0.048288807,-0.30403185
0.205682506482641,0.380537638762288,-0.06270464,-0.16384287
1.16265525407312,2.05908060113746,0.11411746,0.44076788
1.231350320224,0.194346084193558,0.029000537,-0.12652385
-0.691293113500988,-0.795241535939942,-0.06270464,-0.16384287
1.54775075519182,0.159058118786992,0.029000537,-0.12652385
-0.889686807397485,0.340593434277214,-0.048288807,-0.30403185
0.0292421863172845,-0.929998980904307,-0.06270464,-0.16384287
-0.926293933782068,-0.0444775230618836,-0.06270464,-0.16384287
-1.06559038269944,-0.202142312763057,0.02900053,-0.12652382
2.08158424778789,0.788488185955936,0.02900053,-0.12652382
-1.57887111694714,-0.57668443602356,-0.06270464,-0.16384287
0.0823964995789598,-0.624395622707856,-0.048288807,-0.30403185
-1.09352270025638,-1.42199155877431,-0.048288807,-0.30403185
1.81402579861603,2.46598826974561,-0.06270464,-0.16384287
-0.221105410092397,-0.835455871031613,0.029000537,-0.12652385
0.205682506482641,0.380537638762288,-0.06270464,-0.16384287
-1.54716321678788,-1.46124482282529,-0.048288807,-0.30403185
0.610711026087142,1.21634396029422,0.029000537,-0.12652385
1.0710771473287,0.169586952865586,-0.048288807,-0.30403185
-0.0722844236158602,-1.55474505411249,0.029000537,-0.12652385
0.297030624358104,-0.168733888829912,-0.06270464,-0.16384287
-0.456955959104999,-0.0425161740436652,0.029000537,-0.12652385
-0.452950387633723,0.291839369007423,0.029000537,-0.12652385
0.205682506482641,0.380537638762288,0.029000537,-0.12652385
-0.0024657138419762,-0.04543859410258,-0.06270464,-0.16384287
0.467721989566616,-0.0856529291942516,-0.048288807,-0.30403185
-1.21657871829111,0.0118403556196139,0.029000537,-0.12652385
2.04987634762863,1.67304857275766,-0.06270464,-0.16384287
-0.810573548933394,-1.465819254359,-0.048288807,-0.30403185
2.07780866518557,2.89289781876892,0.11411746,0.44076788
1.75038000942855,1.79634386748499,-0.06270464,-0.16384287
-0.0024657138419762,-0.04543859410258,-0.06270464,-0.16384287
-1.54716321678788,-1.46124482282529,0.029000537,-0.12652385
-0.0024657138419762,-0.04543859410258,-0.06270464,-0.16384287
0.205682506482641,0.380537638762288,0.029000537,-0.12652385
0.499659878594833,1.46855185986809,0.11411746,0.44076788
0.237390406641902,-0.504022748039439,0.029000537,-0.12652385
-0.981264914141905,-1.54890021399466,-0.048288807,-0.30403185
0.467721989566616,-0.0856529291942516,-0.048288807,-0.30403185
1.5357458846494,1.34068213360705,-0.06270464,-0.16384287
0.205682506482641,0.380537638762288,-0.048288792,-0.30403188
-0.440408772227907,-0.121983773186312,0.02900053,-0.12652382
1.17345348599337,0.752157341963876,0.029000537,-0.12652385
-0.136906862556551,0.0890764751374445,-0.048288807,-0.30403185
-0.536299206438047,-0.674868661271524,-0.06270464,-0.16384287
0.0349911412741295,0.297456679126627,-0.048288807,-0.30403185
-0.938528793193441,-1.3016186841059,-0.048288807,-0.30403185
-1.54716321678788,-1.46124482282529,-0.048288807,-0.30403185
-0.0024657138419762,-0.04543859410258,0.11411746,0.44076788
0.467721989566616,-0.0856529291942516,-0.048288807,-0.30403185
1.0821053681179,1.30142886955607,-0.06270464,-0.16384287
-0.910596475636499,-0.0817694380946405,0.029000537,-0.12652385
-0.579392237277158,-1.0896251196237,0.029000537,-0.12652385
-1.16396114989283,-0.450357158810259,-0.06270464,-0.16384287
1.05039746795864,2.1859892563578,-0.06270464,-0.16384287
-0.548304076980462,0.506755353548534,0.029000537,-0.12652385
-0.921624696425702,-1.21361135478513,-0.06270464,-0.16384287
-0.922831335047871,-1.33891059913865,-0.06270464,-0.16384287
-0.157459620904918,-0.165811468770997,-0.048288807,-0.30403185
-0.17751956041241,-0.630350025252741,-0.048288807,-0.30403185
0.205682506482641,0.380537638762288,-0.048288807,-0.30403185
0.873957147793286,0.875452636691207,-0.06270464,-0.16384287
-0.452950387633723,0.291839369007423,0.029000537,-0.12652385
-0.0129571897677794,-0.409479638166746,0.029000537,-0.12652385
0.388378742233568,-0.718005416422111,0.029000537,-0.12652385
3.01764732713935,2.04466827595925,0.029000537,-0.12652385
1.41245987774572,0.335748872136906,0.029000537,-0.12652385
-0.39331016991752,0.627128228216951,-0.048288807,-0.30403185
-0.687287542029713,-0.460885992888853,-0.06270464,-0.16384287
-0.974242264823977,-0.751413840355257,0.029000537,-0.12652385
0.205682506482641,0.380537638762288,0.11411746,0.44076788
-1.34853953402243,-0.158314617178373,-0.048288807,-0.30403185
-0.536299206438047,-0.674868661271524,0.02900053,-0.12652382
-1.40817975173863,-0.4936034763879,0.02900053,-0.12652382
-0.365607841229535,-0.591787701635864,-0.048288807,-0.30403185
-1.54716321678788,-1.46124482282529,0.11411746,0.44076788
1.25279673332641,1.38450982919173,-0.048288807,-0.30403185
-1.20457384774869,-1.16978365920044,-0.06270464,-0.16384287
-0.301962052042057,0.0778567006247517,0.029000537,-0.12652385
0.622715896629557,0.0347199454741653,-0.048288807,-0.30403185
-0.0938138317174397,0.503832933489619,-0.06270464,-0.16384287
2.1926353952802,0.536280286382069,-0.048288807,-0.30403185
-0.0938138317174397,0.503832933489619,-0.048288807,-0.30403185
-0.45143699301711,-1.2538256898768,-0.048288807,-0.30403185
3.02080316987911,2.42119950312023,0.11411746,0.44076788
0.297030624358104,-0.168733888829912,0.11411746,0.44076788
-0.0408895073247213,-1.629328884178,-0.048288807,-0.30403185
-0.548304076980462,0.506755353548534,0.11411746,0.44076788
-0.921624696425702,-1.21361135478513,0.11411746,0.44076788
-0.901921666808857,-0.916547726766798,-0.048288807,-0.30403185
0.237390406641902,-0.504022748039439,-0.06270464,-0.16384287
-1.26421406546489,-1.50507251840997,-0.048288807,-0.30403185
-0.825734262215563,-0.660726466699917,-0.048288807,-0.30403185
-0.0938138317174397,0.503832933489619,0.029000537,-0.12652385
0.297030624358104,-0.168733888829912,-0.048288807,-0.30403185
3.14408917678279,3.42613276459037,-0.048288807,-0.30403185
0.388378742233568,-0.718005416422111,-0.048288807,-0.30403185
-1.03388248254018,-1.08670269956478,-0.06270464,-0.16384287
1.09726608140007,0.496336081896995,0.029000537,-0.12652385
0.297030624358104,-0.168733888829912,-0.06270464,-0.16384287
-0.387791203829632,-0.584181287616185,-0.06270464,-0.16384287
1.29650950402809,-0.68167457243005,0.029000537,-0.12652385
1.51029390007571,-0.183837154442216,-0.06270464,-0.16384287
-0.822578419475809,-0.284195239538939,-0.048288807,-0.30403185
2.47581453547214,2.93121776666145,0.114117496,0.44076797
0.233384835170626,-0.838378291090528,0.02900053,-0.12652382
1.48811053747562,-0.176230740422536,0.029000537,-0.12652385
-0.782641231376452,-0.245970008347742,-0.048288807,-0.30403185
0.205682506482641,0.380537638762288,-0.06270464,-0.16384287
-0.210613934166593,-0.471414826967448,-0.06270464,-0.16384287
-1.20457384774869,-1.16978365920044,-0.06270464,-0.16384287
-0.0938138317174397,0.503832933489619,-0.06270464,-0.16384287
1.81379580974707,0.0272230938815412,0.029000537,-0.12652385
0.686361685817036,0.704364347734782,0.11411746,0.44076788
0.0294721751862414,1.50876619495976,-0.06270464,-0.16384287
0.233384835170626,-0.838378291090528,0.029000537,-0.12652385
-1.364236992168,-0.121022702145616,0.11411746,0.44076788
0.050688599419699,0.260164764093871,0.029000537,-0.12652385
1.62219477629954,-0.478220738125973,0.029000537,-0.12652385
-0.39331016991752,0.627128228216951,0.11411746,0.44076788
-0.62764732431351,-0.125597133679325,-0.06270464,-0.16384287
-0.981264914141905,-1.54890021399466,-0.06270464,-0.16384287
-1.54716321678788,-1.46124482282529,0.029000537,-0.12652385
2.89284792561906,2.58540007337333,0.11411746,0.44076788
-0.39331016991752,0.627128228216951,-0.048288807,-0.30403185
1.06555818124081,1.38089646869872,-0.06270464,-0.16384287
-1.46781996945484,-0.828892335597428,-0.048288807,-0.30403185
0.376373871691152,0.463618598397948,-0.048288807,-0.30403185
2.33282549895162,1.62922087717298,-0.06270464,-0.16384287
1.11296353954564,0.459044166864238,0.029000537,-0.12652385
0.168225651366535,0.0376423655330801,0.11411746,0.44076788
0.297030624358104,-0.168733888829912,-0.048288807,-0.30403185
0.360676413545583,0.500910513430704,-0.048288807,-0.30403185
-1.54716321678788,-1.46124482282529,-0.048288807,-0.30403185
-0.248807738780381,0.383460058821202,-0.06270464,-0.16384287
-0.523082081275729,-0.40749053426627,-0.048288807,-0.30403185
0.152528193220966,0.074934280565837,0.114117496,0.44076797
0.205682506482641,0.380537638762288,-0.048288792,-0.30403188
0.703265782584774,0.792371677055547,-0.048288807,-0.30403185
-0.0621059315581789,-0.380727453312108,0.029000537,-0.12652385
0.94227217433713,0.375963207228578,-0.048288807,-0.30403185
-0.58024196600868,-1.04744943551381,-0.06270464,-0.16384287
-0.62764732431351,-0.125597133679325,-0.048288807,-0.30403185
-0.0818089611750242,-0.677791081330439,-0.048288807,-0.30403185
-0.157459620904918,-0.165811468770997,-0.06270464,-0.16384287
-0.0024657138419762,-0.04543859410258,-0.06270464,-0.16384287
0.265322724198843,0.715826497971815,-0.06270464,-0.16384287
-0.0938138317174397,0.503832933489619,-0.048288807,-0.30403185
-1.54716321678788,-1.46124482282529,-0.06270464,-0.16384287
-0.62764732431351,-0.125597133679325,0.029000537,-0.12652385
-0.750933331217191,-1.13053039514947,-0.06270464,-0.16384287
-1.08128784084501,-0.164850397730301,0.11411746,0.44076788
-1.0458873530826,0.0949213152552739,0.029000537,-0.12652385
-1.26421406546489,-1.50507251840997,-0.06270464,-0.16384287
-0.981264914141905,-1.54890021399466,0.11411746,0.44076788
0.205682506482641,0.380537638762288,-0.06270464,-0.16384287
-0.0938138317174397,0.503832933489619,-0.06270464,-0.16384287
-0.970236693352702,-0.417058297304168,0.029000537,-0.12652385
-0.0408895073247213,-1.629328884178,0.029000537,-0.12652385
-0.974242264823977,-0.751413840355257,-0.048288807,-0.30403185
0.328738524517365,-1.05329427563164,0.029000537,-0.12652385
0.531367778754094,0.583991473066364,0.029000537,-0.12652385
-0.0938138317174397,0.503832933489619,-0.048288807,-0.30403185
-0.831253228303451,0.550583049133219,-0.048288807,-0.30403185
0.360676413545583,0.500910513430704,-0.048288807,-0.30403185
-0.157459620904918,-0.165811468770997,-0.06270464,-0.16384287
-1.54716321678788,-1.46124482282529,-0.048288807,-0.30403185
-1.26421406546489,-1.50507251840997,-0.048288807,-0.30403185
0.121127049056148,-0.711469635870183,0.02900053,-0.12652382
0.436014089407355,0.798907457607475,-0.048288792,-0.30403188
1.83034299662416,-0.0522445052611057,0.029000537,-0.12652385
-0.301962052042057,0.0778567006247517,-0.048288807,-0.30403185
1.49913875826482,0.955611176267953,-0.048288807,-0.30403185
2.16092749512094,1.4208406731838,0.029000537,-0.12652385
-0.376762983040429,0.547660629074304,0.029000537,-0.12652385
1.4672008692366,-0.59859361279439,0.029000537,-0.12652385
1.94260078273864,-0.179153160481451,-0.06270464,-0.16384287
-0.671590083884143,-0.49817790792161,0.029000537,-0.12652385
2.50351686416013,1.71230183680864,-0.048288807,-0.30403185
-0.301962052042057,0.0778567006247517,0.11411746,0.44076788
-0.381305299375105,-0.554495786603107,-0.06270464,-0.16384287
0.205682506482641,0.380537638762288,0.11411746,0.44076788
-0.39331016991752,0.627128228216951,0.11411746,0.44076788
0.376373871691152,0.463618598397948,0.11411746,0.44076788
-0.0129571897677794,-0.409479638166746,0.029000537,-0.12652385
0.559070107442079,-0.634924456786451,-0.048288807,-0.30403185
1.52004842650383,1.37797404863981,0.11411746,0.44076788
-0.39331016991752,0.627128228216951,-0.048288807,-0.30403185
0.905665047952546,-0.0091077501105194,-0.06270464,-0.16384287
-1.35556218334036,-0.955800990817773,0.11411746,0.44076788
-1.2476668785878,-1.58454011755262,-0.06270464,-0.16384287
1.78783686454465,2.1392391407142,-0.048288807,-0.30403185
2.34362373087186,0.322297617999397,-0.048288807,-0.30403185
-0.217099838621121,-0.501100327980525,-0.06270464,-0.16384287
-0.0024657138419762,-0.04543859410258,-0.06270464,-0.16384287
-0.536299206438047,-0.674868661271524,0.029000537,-0.12652385
-0.0938138317174397,0.503832933489619,0.029000537,-0.12652385
0.388378742233568,-0.718005416422111,-0.048288807,-0.30403185
0.158047159308854,-1.1363752352673,0.029000537,-0.12652385
-0.15993995388817,0.138858573267014,0.11411746,0.44076788
-0.910596475636499,-0.0817694380946405,-0.06270465,-0.16384284
-1.26421406546489,-1.50507251840997,-0.048288792,-0.30403188
0.814316930077083,0.54016377748168,0.029000537,-0.12652385
1.2909905379402,0.529634943403085,-0.048288807,-0.30403185
3.20924836058688,2.55011210796677,0.11411746,0.44076788
0.105429590910579,-0.674177720837426,-0.048288807,-0.30403185
1.78208790958781,0.911783480683268,-0.06270464,-0.16384287
1.70643724985791,1.42376309324271,0.029000537,-0.12652385
1.05417305056096,0.0815796235448203,-0.048288807,-0.30403185
-0.611100137436418,-0.205064732821972,-0.06270464,-0.16384287
-0.0938138317174397,0.503832933489619,0.11411746,0.44076788
0.237390406641902,-0.504022748039439,0.11411746,0.44076788
0.205682506482641,0.380537638762288,-0.048288807,-0.30403185
-0.953332596584963,-0.329050967983402,0.11411746,0.44076788
-1.07261303201737,-0.999628686402458,-0.06270464,-0.16384287
0.388378742233568,-0.718005416422111,-0.048288807,-0.30403185
-0.0938138317174397,0.503832933489619,0.11411746,0.44076788
0.376373871691152,0.463618598397948,0.029000537,-0.12652385
3.48081238123002,1.20696756722818,0.029000537,-0.12652385
0.638413354775127,-0.0025719695585915,-0.06270464,-0.16384287
1.26880717534011,0.537241357422765,0.029000537,-0.12652385
1.13599663087726,0.409262068734668,-0.048288807,-0.30403185
-0.0938138317174397,0.503832933489619,-0.06270464,-0.16384287
-0.542785110892574,-0.704554162284602,-0.048288807,-0.30403185
0.610711026087142,1.21634396029422,0.029000537,-0.12652385
0.687875080433648,-0.841300711149442,-0.06270464,-0.16384287
0.344665971531891,1.34817898519967,0.11411746,0.44076788
-0.676259321240509,0.670955923801635,-0.06270464,-0.16384287
0.0611800753455022,0.624205808158036,0.029000537,-0.12652385
0.142036717295162,-0.289106763498329,-0.048288807,-0.30403185
-1.35556218334036,-0.955800990817773,-0.06270464,-0.16384287
-0.750933331217191,-1.13053039514947,-0.048288807,-0.30403185
-0.803550899615466,-0.668332880719597,-0.06270465,-0.16384284
-0.0938138317174397,0.503832933489619,0.114117496,0.44076797
-0.511077210733313,-1.58911454908633,-0.06270464,-0.16384287
-0.981264914141905,-1.54890021399466,-0.06270464,-0.16384287
1.81379580974707,0.0272230938815412,0.029000537,-0.12652385
-0.420705742611062,0.175079854832019,0.029000537,-0.12652385
0.297030624358104,-0.168733888829912,-0.06270464,-0.16384287
3.49673982824454,3.60844082805949,-0.06270464,-0.16384287
-0.472653417250568,-0.0052242590109083,-0.06270464,-0.16384287
-0.0938138317174397,0.503832933489619,0.029000537,-0.12652385
-0.0024657138419762,-0.04543859410258,0.029000537,-0.12652385
2.89374158037311,3.52067587446307,0.11411746,0.44076788
2.59887055350687,1.49738585226753,0.029000537,-0.12652385
-1.40817975173863,-0.4936034763879,0.029000537,-0.12652385
1.78208790958781,0.911783480683268,0.11411746,0.44076788
-0.516596176821201,-0.377805033253193,-0.048288807,-0.30403185
1.3760827402301,2.38944309066188,-0.06270464,-0.16384287
0.114334388607177,0.929809166354487,-0.048288807,-0.30403185
-1.09352270025638,-1.42199155877431,-0.048288807,-0.30403185
-0.408700872068646,-1.00654415998804,-0.06270464,-0.16384287
0.205682506482641,0.380537638762288,-0.06270464,-0.16384287
2.28421350202462,2.42577393465394,0.029000537,-0.12652385
1.34414485120188,0.835238301599536,-0.048288807,-0.30403185
-0.376762983040429,0.547660629074304,0.11411746,0.44076788
0.388378742233568,-0.718005416422111,-0.048288807,-0.30403185
0.0888824040334871,-0.594710121694779,-0.048288807,-0.30403185
0.297030624358104,-0.168733888829912,-0.06270464,-0.16384287
2.4561115058553,2.63415413864312,0.11411746,0.44076788
-0.382272237741744,-1.79549080344932,0.029000537,-0.12652385
-1.54716321678788,-1.46124482282529,-0.06270464,-0.16384287
-0.301962052042057,0.0778567006247517,-0.048288807,-0.30403185
-1.48752299907168,-1.12595596361576,0.029000537,-0.12652385
1.42870030862837,1.92724557623201,-0.06270465,-0.16384284
-0.750933331217191,-1.13053039514947,-0.06270465,-0.16384284
-0.981264914141905,-1.54890021399466,-0.06270464,-0.16384287
-0.340385845524802,-1.50603358945067,-0.06270464,-0.16384287
-0.0938138317174397,0.503832933489619,0.11411746,0.44076788
-0.365607841229535,-0.591787701635864,0.029000537,-0.12652385
-1.26421406546489,-1.50507251840997,-0.048288807,-0.30403185
0.297030624358104,-0.168733888829912,-0.048288807,-0.30403185
-0.676259321240509,0.670955923801635,-0.048288807,-0.30403185
-1.20457384774869,-1.16978365920044,0.029000537,-0.12652385
-0.584911203365046,0.121684396209436,0.029000537,-0.12652385
-0.810573548933394,-1.465819254359,-0.06270464,-0.16384287
-1.26421406546489,-1.50507251840997,-0.06270464,-0.16384287
-0.0024657138419762,-0.04543859410258,-0.06270464,-0.16384287
-0.0024657138419762,-0.04543859410258,-0.06270464,-0.16384287
-0.921624696425702,-1.21361135478513,0.11411746,0.44076788
-0.0938138317174397,0.503832933489619,-0.06270464,-0.16384287
-1.18487081813185,-0.872720031182113,0.029000537,-0.12652385
2.08158424778789,0.788488185955936,-0.06270464,-0.16384287
-0.39331016991752,0.627128228216951,0.11411746,0.44076788
-0.39331016991752,0.627128228216951,0.029000537,-0.12652385
-0.382272237741744,-1.79549080344932,0.029000537,-0.12652385
-1.4835174276004,-0.791600420564671,0.029000537,-0.12652385
-0.0408895073247213,-1.629328884178,0.11411746,0.44076788
-0.591397107819573,0.0919988951963592,0.029000537,-0.12652385
1.77128967766756,2.21870673985685,-0.048288807,-0.30403185
1.0821053681179,1.30142886955607,0.11411746,0.44076788
-1.26421406546489,-1.50507251840997,-0.06270464,-0.16384287
-1.54716321678788,-1.46124482282529,-0.06270464,-0.16384287
-1.2476668785878,-1.58454011755262,-0.048288807,-0.30403185
0.285025753815689,1.01289012599015,-0.048288807,-0.30403185
-1.48752299907168,-1.12595596361576,-0.048288807,-0.30403185
0.297030624358104,-0.168733888829912,0.02900053,-0.12652382
0.233384835170626,-0.838378291090528,-0.06270465,-0.16384284
-0.981264914141905,-1.54890021399466,-0.048288807,-0.30403185
0.376373871691152,0.463618598397948,0.029000537,-0.12652385
0.376373871691152,0.463618598397948,-0.048288807,-0.30403185
-0.901921666808857,-0.916547726766798,-0.06270464,-0.16384287
-1.26421406546489,-1.50507251840997,-0.048288807,-0.30403185
-0.23226055190329,0.303992459678555,-0.06270464,-0.16384287
1.359535553353,2.46891068980453,0.029000537,-0.12652385
0.567974905138678,0.969062430405462,-0.06270464,-0.16384287
-0.810573548933394,-1.465819254359,-0.048288807,-0.30403185
-1.07261303201737,-0.999628686402458,-0.048288807,-0.30403185
2.04964635875967,-0.765716603106407,0.029000537,-0.12652385
-0.0024657138419762,-0.04543859410258,-0.06270464,-0.16384287
-1.09352270025638,-1.42199155877431,0.029000537,-0.12652385
2.71792100007032,-0.270801605177487,0.029000537,-0.12652385
0.205682506482641,0.380537638762288,0.11411746,0.44076788
-1.54716321678788,-1.46124482282529,-0.06270464,-0.16384287
-1.54716321678788,-1.46124482282529,0.029000537,-0.12652385
0.376373871691152,0.463618598397948,0.11411746,0.44076788
-0.974242264823977,-0.751413840355257,-0.048288807,-0.30403185
0.0341414125426075,0.339632363236517,0.11411746,0.44076788
-0.798338689522021,-0.208678093314985,0.029000537,-0.12652385
1.68673422024107,1.12669946522438,-0.06270464,-0.16384287
-1.54716321678788,-1.46124482282529,0.029000537,-0.12652385
0.388378742233568,-0.718005416422111,0.029000537,-0.12652385
-1.14493363003249,-0.834494799990917,0.029000537,-0.12652385
0.520026574096769,0.262126113112089,-0.06270464,-0.16384287
0.360676413545583,0.500910513430704,-0.06270464,-0.16384287
-0.981264914141905,-1.54890021399466,-0.06270464,-0.16384287
-1.54716321678788,-1.46124482282529,0.029000537,-0.12652385
-0.365607841229535,-0.591787701635864,-0.048288807,-0.30403185
1.53084665842408,0.0710507894662259,-0.048288792,-0.30403188
-0.157459620904918,-0.165811468770997,-0.06270465,-0.16384284
-1.26421406546489,-1.50507251840997,-0.06270464,-0.16384287
-0.39331016991752,0.627128228216951,0.11411746,0.44076788
1.4672008692366,-0.59859361279439,-0.06270464,-0.16384287
0.205682506482641,0.380537638762288,-0.06270464,-0.16384287
-0.376762983040429,0.547660629074304,-0.048288807,-0.30403185
0.62761512285488,1.30435128961499,0.11411746,0.44076788
-0.39331016991752,0.627128228216951,0.11411746,0.44076788
0.499659878594833,1.46855185986809,0.11411746,0.44076788
0.0823964995789598,-0.624395622707856,-0.048288807,-0.30403185
0.574460809593205,0.998747931418539,0.029000537,-0.12652385
-1.54716321678788,-1.46124482282529,0.029000537,-0.12652385
0.297030624358104,-0.168733888829912,0.029000537,-0.12652385
0.0888824040334871,-0.594710121694779,0.029000537,-0.12652385
-0.45143699301711,-1.2538256898768,-0.048288807,-0.30403185
0.125489530418071,-0.209639164355682,0.029000537,-0.12652385
1.45604572742571,0.540854717915778,0.029000537,-0.12652385
-1.54716321678788,-1.46124482282529,-0.048288807,-0.30403185
-0.981264914141905,-1.54890021399466,-0.06270464,-0.16384287
2.44387664644393,1.37701297759911,-0.048288807,-0.30403185
-0.0024657138419762,-0.04543859410258,-0.06270464,-0.16384287
-0.842281449092654,-0.58125886755727,0.11411746,0.44076788
0.0140814730351153,-0.124906193245227,-0.048288807,-0.30403185
-0.236802868237966,-0.798163955998856,-0.06270464,-0.16384287
1.59048687614028,0.406339648675754,0.029000537,-0.12652385
-0.532293634966771,-0.340513118220436,0.029000537,-0.12652385
1.78208790958781,0.911783480683268,0.029000537,-0.12652385
-0.23226055190329,0.303992459678555,-0.06270464,-0.16384287
-1.26421406546489,-1.50507251840997,0.029000537,-0.12652385
0.985008295285594,0.62324473711734,-0.048288807,-0.30403185
1.65903189155308,2.34561539507719,-0.06270464,-0.16384287
-1.54716321678788,-1.46124482282529,0.02900053,-0.12652382
-0.279895899077077,-1.21292041435103,0.02900053,-0.12652382
-0.746391014882515,-0.0283739794720577,-0.06270464,-0.16384287
0.499659878594833,1.46855185986809,0.029000537,-0.12652385
-0.157459620904918,-0.165811468770997,-0.06270464,-0.16384287
0.638413354775127,-0.0025719695585915,-0.048288807,-0.30403185
-1.21657871829111,0.0118403556196139,-0.048288807,-0.30403185
-0.739905110427988,0.0013115215410194,0.11411746,0.44076788
0.766911571772253,1.46201607931616,0.029000537,-0.12652385
-0.0938138317174397,0.503832933489619,-0.06270464,-0.16384287
-0.548304076980462,0.506755353548534,0.029000537,-0.12652385
-1.07261303201737,-0.999628686402458,0.029000537,-0.12652385
-1.12523060041564,-0.537431171972585,0.029000537,-0.12652385
-0.0661115030294547,-0.715082996363196,-0.048288807,-0.30403185
-0.157459620904918,-0.165811468770997,-0.06270464,-0.16384287
-0.0938138317174397,0.503832933489619,0.11411746,0.44076788
-0.676259321240509,0.670955923801635,0.029000537,-0.12652385
-0.210613934166593,-0.471414826967448,-0.06270464,-0.16384287
-0.901921666808857,-0.916547726766798,-0.048288807,-0.30403185
-1.14493363003249,-0.834494799990917,-0.048288807,-0.30403185
-0.382272237741744,-1.79549080344932,0.029000537,-0.12652385
-1.54716321678788,-1.46124482282529,-0.06270464,-0.16384287
0.857053051025547,0.787445307370441,0.029000537,-0.12652385
1.57145935627994,0.790477289856412,0.029000537,-0.12652385
-0.456955959104999,-0.0425161740436652,-0.06270464,-0.16384287
-1.63851133466335,-0.911973295233088,0.11411746,0.44076788
-1.54716321678788,-1.46124482282529,0.029000537,-0.12652385
1.91027314271681,3.18634808629424,0.11411746,0.44076788
-1.54716321678788,-1.46124482282529,-0.048288807,-0.30403185
0.905665047952546,-0.0091077501105194,0.029000537,-0.12652385
1.40779064038936,1.50488270386015,0.029000537,-0.12652385
-1.07261303201737,-0.999628686402458,0.11411746,0.44076788
-1.54716321678788,-1.46124482282529,0.02900053,-0.12652382
0.205682506482641,0.380537638762288,-0.048288792,-0.30403188
-0.691293113500988,-0.795241535939942,0.029000537,-0.12652385
-0.890893446019654,0.215294189923691,0.029000537,-0.12652385
0.205682506482641,0.380537638762288,0.11411746,0.44076788
0.142036717295162,-0.289106763498329,0.029000537,-0.12652385
0.205682506482641,0.380537638762288,0.029000537,-0.12652385
2.41216874628467,2.26157336440084,-0.06270464,-0.16384287
-0.456955959104999,-0.0425161740436652,-0.06270464,-0.16384287
-0.810573548933394,-1.465819254359,-0.06270464,-0.16384287
0.364369001148737,1.64524261321801,0.029000537,-0.12652385
0.297030624358104,-0.168733888829912,-0.048288807,-0.30403185
-1.26421406546489,-1.50507251840997,-0.06270464,-0.16384287
0.610711026087142,1.21634396029422,0.11411746,0.44076788
0.297030624358104,-0.168733888829912,-0.048288807,-0.30403185
0.0888824040334871,-0.594710121694779,-0.06270464,-0.16384287
-1.21657871829111,0.0118403556196139,-0.048288807,-0.30403185
-0.382272237741744,-1.79549080344932,-0.048288807,-0.30403185
0.376373871691152,0.463618598397948,0.11411746,0.44076788
-1.09352270025638,-1.42199155877431,-0.06270464,-0.16384287
0.531367778754094,0.583991473066364,0.029000537,-0.12652385
-0.440408772227907,-0.121983773186312,-0.048288807,-0.30403185
-0.511077210733313,-1.58911454908633,-0.06270464,-0.16384287
-0.0024657138419762,-0.04543859410258,-0.06270464,-0.16384287
-0.0673181416516237,-0.840382240716719,-0.048288807,-0.30403185
1.65903189155308,2.34561539507719,0.029000537,-0.12652385
0.622715896629557,0.0347199454741653,0.029000537,-0.12652385
0.297030624358104,-0.168733888829912,-0.06270464,-0.16384287
0.814316930077083,0.54016377748168,-0.06270464,-0.16384287
-0.0938138317174397,0.503832933489619,-0.048288807,-0.30403185
-0.607944294696665,0.171466494339006,-0.06270464,-0.16384287
0.205682506482641,0.380537638762288,-0.048288807,-0.30403185
-0.702448255311882,0.344206794770227,0.02900053,-0.12652382
-0.39331016991752,0.627128228216951,-0.06270465,-0.16384284
-0.185161949592903,1.05310446108182,0.11411746,0.44076788
-0.523082081275729,-0.40749053426627,-0.06270464,-0.16384287
1.61593886071397,1.93085893672502,0.029000537,-0.12652385
-0.564001535126031,0.544047268581291,0.029000537,-0.12652385
2.11352213681611,2.34269297501828,0.11411746,0.44076788
0.4557171190242,1.09597108562581,0.11411746,0.44076788
1.73468255128298,1.83363578251775,-0.06270464,-0.16384287
-1.20457384774869,-1.16978365920044,0.029000537,-0.12652385
-0.622128358225622,-1.33690664951246,0.029000537,-0.12652385
-0.810573548933394,-1.465819254359,-0.06270464,-0.16384287
-0.0129571897677794,-0.409479638166746,0.029000537,-0.12652385
-0.0510777107689755,0.751114463378381,0.11411746,0.44076788
-1.07261303201737,-0.999628686402458,-0.06270464,-0.16384287
1.49913875826482,0.955611176267953,-0.048288807,-0.30403185
-0.236802868237966,-0.798163955998856,-0.048288807,-0.30403185
0.339766745306568,0.0785476410588501,0.029000537,-0.12652385
0.467721989566616,-0.0856529291942516,-0.06270464,-0.16384287
-0.0024657138419762,-0.04543859410258,-0.048288807,-0.30403185
-0.970236693352702,-0.417058297304168,-0.048288807,-0.30403185
1.83034299662416,-0.0522445052611057,0.11411746,0.44076788
-1.26421406546489,-1.50507251840997,-0.06270464,-0.16384287
1.04865408447307,1.29288913937796,0.029000537,-0.12652385
-0.0024657138419762,-0.04543859410258,-0.06270464,-0.16384287
0.388378742233568,-0.718005416422111,0.029000537,-0.12652385
1.50465772435271,-0.255698339565183,0.029000537,-0.12652385
1.43949854054862,0.620322317058425,-0.048288807,-0.30403185
-1.54716321678788,-1.46124482282529,0.029000537,-0.12652385
-0.746927759745915,-0.796174852098381,-0.048288807,-0.30403185
-0.382272237741744,-1.79549080344932,-0.048288807,-0.30403185
1.86294455153747,-0.0015290909730967,0.029000537,-0.12652385
0.168225651366535,0.0376423655330801,-0.06270465,-0.16384284
0.173744617454423,-1.17366715030006,-0.048288792,-0.30403188
-1.26421406546489,-1.50507251840997,0.029000537,-0.12652385
2.67420822936864,1.7953827964443,-0.048288807,-0.30403185
-1.54716321678788,-1.46124482282529,-0.06270464,-0.16384287
-1.07697551337929,-1.50145915791696,-0.06270464,-0.16384287
-1.10432093217663,-0.115068299600731,0.11411746,0.44076788
-0.39331016991752,0.627128228216951,0.11411746,0.44076788
-0.803550899615466,-0.668332880719597,0.029000537,-0.12652385
-0.681768575941824,-1.67219550872199,-0.06270464,-0.16384287
-1.03388248254018,-1.08670269956478,-0.048288807,-0.30403185
-0.210613934166593,-0.471414826967448,-0.06270464,-0.16384287
-1.54716321678788,-1.46124482282529,0.029000537,-0.12652385
-1.35556218334036,-0.955800990817773,0.029000537,-0.12652385
-1.48752299907168,-1.12595596361576,0.029000537,-0.12652385
-1.54716321678788,-1.46124482282529,0.029000537,-0.12652385
1.75038000942855,1.79634386748499,-0.06270464,-0.16384287
0.0768775334910716,0.586913893125279,0.029000537,-0.12652385
-1.54716321678788,-1.46124482282529,0.029000537,-0.12652385
-0.648556992552524,-0.54796000605118,0.029000537,-0.12652385
0.830014388222652,0.502871862448923,-0.048288807,-0.30403185
1.72244769187161,0.57649462147374,0.11411746,0.44076788
1.26795744660858,0.579417041532655,-0.048288807,-0.30403185
-0.185161949592903,1.05310446108182,0.11411746,0.44076788
-0.0938138317174397,0.503832933489619,0.11411746,0.44076788
1.20516138615263,-0.132403044837851,-0.06270464,-0.16384287
0.205682506482641,0.380537638762288,-0.048288807,-0.30403185
1.73445256241402,-0.605129393346318,0.029000537,-0.12652385
0.114334388607177,0.929809166354487,-0.06270464,-0.16384287
-1.09352270025638,-1.42199155877431,0.029000537,-0.12652385
1.04865408447307,1.29288913937796,0.11411746,0.44076788
-0.595939424154249,-1.01015752048105,0.029000537,-0.12652385
-0.511077210733313,-1.58911454908633,-0.048288792,-0.30403188
-1.48752299907168,-1.12595596361576,-0.048288792,-0.30403188
-0.382272237741744,-1.79549080344932,-0.048288807,-0.30403185
0.146042288766438,0.0452487795527597,-0.048288807,-0.30403185
-0.974242264823977,-0.751413840355257,-0.048288807,-0.30403185
-1.20457384774869,-1.16978365920044,-0.048288807,-0.30403185
-0.0938138317174397,0.503832933489619,0.11411746,0.44076788
0.205682506482641,0.380537638762288,0.029000537,-0.12652385
0.249082293316195,-0.875670206123285,-0.048288807,-0.30403185
0.205682506482641,0.380537638762288,-0.06270464,-0.16384287
-0.313347182721907,-1.22146014452915,-0.048288807,-0.30403185
-1.26421406546489,-1.50507251840997,0.11411746,0.44076788
-1.26421406546489,-1.50507251840997,-0.06270464,-0.16384287
-0.910596475636499,-0.0817694380946405,0.029000537,-0.12652385
0.622715896629557,0.0347199454741653,-0.048288807,-0.30403185
-1.54716321678788,-1.46124482282529,0.029000537,-0.12652385
-1.54716321678788,-1.46124482282529,0.029000537,-0.12652385
-1.54716321678788,-1.46124482282529,0.029000537,-0.12652385
-0.382272237741744,-1.79549080344932,-0.06270464,-0.16384287
-0.211580872533233,-1.71240984381366,-0.048288807,-0.30403185
1.65965163141565,-0.135325464896766,-0.048288807,-0.30403185
-0.152917304570242,0.936344946906414,0.029000537,-0.12652385
-0.681768575941824,-1.67219550872199,-0.048288807,-0.30403185
-0.794026362056302,-1.54528685350164,-0.048288807,-0.30403185
1.94260078273864,-0.179153160481451,0.029000537,-0.12652385
2.72366995502716,0.956654054853448,0.029000537,-0.12652385
0.205682506482641,0.380537638762288,-0.06270464,-0.16384287
0.969310837140025,0.660536652150097,0.029000537,-0.12652385
1.36505451944089,1.25760117397139,0.11411746,0.44076788
-0.718995442188973,0.423674393912874,0.11411746,0.44076788
0.579003125927881,2.10090434709595,-0.06270464,-0.16384287
-1.20457384774869,-1.16978365920044,0.029000537,-0.12652385
-0.664254450698094,-0.510668091018423,-0.06270465,-0.16384284
-0.0024657138419762,-0.04543859410258,-0.048288792,-0.30403188
0.0888824040334871,-0.594710121694779,-0.06270464,-0.16384287
-0.0024657138419762,-0.04543859410258,-0.06270464,-0.16384287
1.0224651504017,0.966140010346547,-0.06270464,-0.16384287
2.87291490713326,-0.15042873050907,0.029000537,-0.12652385
-0.39331016991752,0.627128228216951,-0.06270464,-0.16384287
0.388378742233568,-0.718005416422111,-0.048288807,-0.30403185
2.65851077122307,1.83267471147706,-0.06270464,-0.16384287
1.47210009546192,0.671037731346434,-0.048288807,-0.30403185
-0.62764732431351,-0.125597133679325,-0.048288807,-0.30403185
-1.33252909200874,-1.00558308894734,-0.06270464,-0.16384287
1.16770453103652,-0.475298318067059,0.029000537,-0.12652385
0.798306488063392,1.38743224925065,-0.06270464,-0.16384287
-0.39331016991752,0.627128228216951,-0.06270464,-0.16384287
1.65903189155308,2.34561539507719,0.11411746,0.44076788
0.233384835170626,-0.838378291090528,-0.048288807,-0.30403185
0.297030624358104,-0.168733888829912,0.11411746,0.44076788
0.86195227725087,2.05707665151127,0.11411746,0.44076788
-1.46781996945484,-0.828892335597428,0.029000537,-0.12652385
0.830014388222652,0.502871862448923,0.029000537,-0.12652385
-1.26421406546489,-1.50507251840997,-0.06270464,-0.16384287
-0.511077210733313,-1.58911454908633,-0.06270464,-0.16384287
-1.35556218334036,-0.955800990817773,0.11411746,0.44076788
-0.676259321240509,0.670955923801635,0.11411746,0.44076788
-0.894899017490929,-0.119061353127397,-0.048288807,-0.30403185
-0.576236394537404,-0.713093892462721,0.029000537,-0.12652385
-0.157459620904918,-0.165811468770997,0.029000537,-0.12652385
-0.371244016952541,-0.663648886758831,0.029000537,-0.12652385
0.376373871691152,0.463618598397948,0.11411746,0.44076788
0.131858225237481,-1.46312436429871,0.029000537,-0.12652385
0.842249247634025,1.76001302349293,-0.06270464,-0.16384287
0.782609029917822,1.42472416428341,-0.048288792,-0.30403188
-0.217099838621121,-0.501100327980525,-0.06270465,-0.16384284
-0.365607841229535,-0.591787701635864,-0.06270464,-0.16384287
0.607018438483988,0.0720118605069223,-0.048288807,-0.30403185
-0.31245352796786,-0.286184343439414,-0.048288807,-0.30403185
1.5357458846494,1.34068213360705,0.029000537,-0.12652385
1.43949854054862,0.620322317058425,-0.06270464,-0.16384287
-1.42788278135548,-0.790667104406232,-0.048288807,-0.30403185
-0.285414865164965,-0.0016108985178951,-0.06270464,-0.16384287
-1.54716321678788,-1.46124482282529,0.029000537,-0.12652385
0.376373871691152,0.463618598397948,0.029000537,-0.12652385
-1.09352270025638,-1.42199155877431,-0.048288807,-0.30403185
-0.236802868237966,-0.798163955998856,-0.06270464,-0.16384287
-1.01297281430117,-0.66433982719293,0.029000537,-0.12652385
2.35901443302299,1.95597000620439,-0.048288807,-0.30403185
-1.07261303201737,-0.999628686402458,-0.06270464,-0.16384287
-0.62764732431351,-0.125597133679325,-0.06270464,-0.16384287
-0.970236693352702,-0.417058297304168,0.029000537,-0.12652385
2.04987634762863,1.67304857275766,0.11411746,0.44076788
-0.372093745684063,-0.621473202648942,-0.06270464,-0.16384287
0.376373871691152,0.463618598397948,0.029000537,-0.12652385
0.519362908211679,1.76561548788642,-0.048288807,-0.30403185
-0.349060654352444,-0.671255300778511,0.029000537,-0.12652385
0.559070107442079,-0.634924456786451,-0.06270464,-0.16384287
-1.54716321678788,-1.46124482282529,0.11411746,0.44076788
-1.54716321678788,-1.46124482282529,-0.048288807,-0.30403185
-0.0661115030294547,-0.715082996363196,0.029000537,-0.12652385
-1.54716321678788,-1.46124482282529,-0.048288807,-0.30403185
0.579979775681093,-0.212561584414596,-0.048288807,-0.30403185
-1.00194459351196,0.467502089497559,-0.06270464,-0.16384287
-1.54716321678788,-1.46124482282529,-0.06270464,-0.16384287
-0.810573548933394,-1.465819254359,-0.048288807,-0.30403185
2.0760652817,1.99979770178907,-0.06270465,-0.16384284
-0.0938138317174397,0.503832933489619,0.02900053,-0.12652382
-0.921624696425702,-1.21361135478513,-0.06270464,-0.16384287
-1.01297281430117,-0.66433982719293,-0.06270464,-0.16384287
-0.511077210733313,-1.58911454908633,-0.06270464,-0.16384287
-0.0024657138419762,-0.04543859410258,-0.06270464,-0.16384287
-0.365607841229535,-0.591787701635864,-0.048288807,-0.30403185
0.0888824040334871,-0.594710121694779,-0.048288807,-0.30403185
-0.217099838621121,-0.501100327980525,0.029000537,-0.12652385
-0.0938138317174397,0.503832933489619,-0.06270464,-0.16384287
0.0888824040334871,-0.594710121694779,-0.06270464,-0.16384287
1.62709400252487,0.791410606014851,-0.048288807,-0.30403185
0.499659878594833,1.46855185986809,-0.06270464,-0.16384287
0.205682506482641,0.380537638762288,0.11411746,0.44076788
2.37533163103112,-0.56226276880233,0.029000537,-0.12652385
-1.14493363003249,-0.834494799990917,-0.06270464,-0.16384287
1.10829430218928,1.62817799858748,0.029000537,-0.12652385
-1.14493363003249,-0.834494799990917,-0.048288807,-0.30403185
0.0888824040334871,-0.594710121694779,-0.06270464,-0.16384287
0.889654605938855,0.838160721658451,0.029000537,-0.12652385
-0.878888575477238,-0.966329824896367,-0.06270464,-0.16384287
-0.452950387633723,0.291839369007423,0.029000537,-0.12652385
0.467721989566616,-0.0856529291942516,-0.048288807,-0.30403185
-0.0144705843843918,1.13618542071748,0.11411746,0.44076788
-1.07261303201737,-0.999628686402458,-0.048288807,-0.30403185
-0.84695068644902,0.587874964165976,0.029000537,-0.12652385
-1.18487081813185,-0.872720031182113,0.029000537,-0.12652385
0.114334388607177,0.929809166354487,0.11411746,0.44076788
0.297030624358104,-0.168733888829912,0.11411746,0.44076788
-0.819248357761036,-0.63104096568684,-0.048288807,-0.30403185
-0.810573548933394,-1.465819254359,-0.06270464,-0.16384287
-0.536299206438047,-0.674868661271524,-0.048288807,-0.30403185
1.40779064038936,1.50488270386015,0.114117496,0.44076797
-0.32383865864771,-1.58550118859332,0.02900053,-0.12652382
0.205682506482641,0.380537638762288,-0.06270464,-0.16384287
-1.34853953402243,-0.158314617178373,0.11411746,0.44076788
0.205682506482641,0.380537638762288,0.029000537,-0.12652385
2.3804608461254,3.14613375120256,0.11411746,0.44076788
1.40779064038936,1.50488270386015,-0.06270464,-0.16384287
-0.39331016991752,0.627128228216951,-0.06270464,-0.16384287
-1.54716321678788,-1.46124482282529,0.029000537,-0.12652385
-0.564001535126031,0.544047268581291,0.11411746,0.44076788
1.48834052634457,2.26253443544153,0.029000537,-0.12652385
0.297030624358104,-0.168733888829912,0.029000537,-0.12652385
0.142036717295162,-0.289106763498329,-0.048288807,-0.30403185
-1.01764205165753,0.504794004530316,0.11411746,0.44076788
1.57393968926319,0.485807247818401,0.029000537,-0.12652385
-0.718995442188973,0.423674393912874,0.029000537,-0.12652385
-0.0938138317174397,0.503832933489619,0.11411746,0.44076788
-1.21657871829111,0.0118403556196139,0.11411746,0.44076788
-0.301962052042057,0.0778567006247517,0.029000537,-0.12652385
-0.885374479931765,-0.996015325909445,-0.048288807,-0.30403185
-0.173157079050488,-0.12851955373824,0.029000537,-0.12652385
0.0888824040334871,-0.594710121694779,-0.06270464,-0.16384287
0.985008295285594,0.62324473711734,-0.048288807,-0.30403185
0.969847582003425,1.42833752477642,-0.06270464,-0.16384287
0.889654605938855,0.838160721658451,0.11411746,0.44076788
2.65603043823982,2.13734475351507,-0.06270464,-0.16384287
0.360676413545583,0.500910513430704,-0.06270464,-0.16384287
1.11381326827716,0.416868482754348,-0.048288807,-0.30403185
0.297030624358104,-0.168733888829912,-0.06270464,-0.16384287
-0.981264914141905,-1.54890021399466,-0.06270464,-0.16384287
-0.222618804709009,0.710209187852611,0.11411746,0.44076788
-0.45143699301711,-1.2538256898768,-0.06270464,-0.16384287
-0.62764732431351,-0.125597133679325,0.114117496,0.44076797
-0.0024657138419762,-0.04543859410258,-0.06270465,-0.16384284
0.873957147793286,0.875452636691207,-0.06270464,-0.16384287
1.90514392762253,-0.522048433710658,0.11411746,0.44076788
0.205682506482641,0.380537638762288,0.029000537,-0.12652385
-1.37647185157937,-1.37816386318963,-0.06270464,-0.16384287
2.22056771283714,1.75612953239332,-0.06270464,-0.16384287
0.0823964995789598,-0.624395622707856,-0.048288807,-0.30403185
3.20372939449899,3.7614216237999,-0.06270464,-0.16384287
-1.54716321678788,-1.46124482282529,-0.048288807,-0.30403185
2.01793845860041,0.11884378369532,0.029000537,-0.12652385
1.22108883316715,2.26907021599346,0.029000537,-0.12652385
-0.84695068644902,0.587874964165976,0.11411746,0.44076788
0.884755379713532,-0.431470622482374,0.029000537,-0.12652385
-0.153454049433642,0.168544074280091,0.11411746,0.44076788
-0.981264914141905,-1.54890021399466,0.029000537,-0.12652385
-1.20457384774869,-1.16978365920044,0.029000537,-0.12652385
-0.670740355152621,-0.5403535920315,-0.06270464,-0.16384287
1.66528780713865,-0.0634642797737986,-0.048288807,-0.30403185
-0.964717727264813,-1.6283678131373,-0.048288807,-0.30403185
1.51506620527935,3.35708443709927,0.11411746,0.44076788
-0.39331016991752,0.627128228216951,0.11411746,0.44076788
-0.206071617831917,0.630741588709964,-0.048288807,-0.30403185
-1.20457384774869,-1.16978365920044,0.029000537,-0.12652385
-1.26421406546489,-1.50507251840997,-0.048288807,-0.30403185
-0.62764732431351,-0.125597133679325,0.11411746,0.44076788
-0.0621059315581789,-0.380727453312108,0.029000537,-0.12652385
-0.99326978468432,-0.367276199174599,0.11411746,0.44076788
-0.345055082881168,-0.336899757727423,-0.06270464,-0.16384287
-1.26421406546489,-1.50507251840997,-0.048288807,-0.30403185
-1.35556218334036,-0.955800990817773,0.029000537,-0.12652385
0.853047479554271,0.453089764319353,0.029000537,-0.12652385
-0.408700872068646,-1.00654415998804,-0.06270465,-0.16384284
1.18861419927554,-0.0529354456952042,0.114117496,0.44076797
0.0611800753455022,0.624205808158036,0.11411746,0.44076788
-0.750933331217191,-1.13053039514947,0.029000537,-0.12652385
-0.31245352796786,-0.286184343439414,-0.06270464,-0.16384287
-0.981264914141905,-1.54890021399466,-0.06270464,-0.16384287
1.25279673332641,1.38450982919173,-0.06270464,-0.16384287
-0.750933331217191,-1.13053039514947,-0.048288807,-0.30403185
-1.04468071446043,0.220220559608797,-0.048288807,-0.30403185
0.686361685817036,0.704364347734782,0.11411746,0.44076788
-1.12523060041564,-0.537431171972585,-0.048288807,-0.30403185
-0.452950387633723,0.291839369007423,0.029000537,-0.12652385
-0.419499103988893,0.300379099185542,0.11411746,0.44076788
0.440019660878631,1.13326300065856,-0.06270464,-0.16384287
2.17293236566335,0.239216658363737,-0.06270464,-0.16384287
0.205682506482641,0.380537638762288,-0.06270464,-0.16384287
0.953300395126334,1.50780512391907,-0.06270464,-0.16384287
0.142036717295162,-0.289106763498329,-0.048288807,-0.30403185
-0.45143699301711,-1.2538256898768,-0.06270464,-0.16384287
0.873957147793286,0.875452636691207,-0.048288807,-0.30403185
0.205682506482641,0.380537638762288,-0.06270464,-0.16384287
-1.00194459351196,0.467502089497559,0.11411746,0.44076788
0.519362908211679,1.76561548788642,0.029000537,-0.12652385
-0.548304076980462,0.506755353548534,0.11411746,0.44076788
-1.63851133466335,-0.911973295233088,-0.048288807,-0.30403185
-0.153454049433642,0.168544074280091,0.029000537,-0.12652385
2.41216874628467,2.26157336440084,0.11411746,0.44076788
1.48834052634457,2.26253443544153,0.11411746,0.44076788
-1.48752299907168,-1.12595596361576,-0.048288807,-0.30403185
0.702059143962605,0.667072432702024,-0.048288807,-0.30403185
-1.54716321678788,-1.46124482282529,-0.048288807,-0.30403185
-0.0024657138419762,-0.04543859410258,0.029000537,-0.12652385
1.40378506891808,1.17052716080906,-0.048288792,-0.30403188
-1.26421406546489,-1.50507251840997,-0.06270465,-0.16384284
3.41164762595465,1.7486326808007,-0.06270464,-0.16384287
1.6113965443793,0.828702521047608,-0.048288807,-0.30403185
-1.01297281430117,-0.66433982719293,-0.06270464,-0.16384287
-1.54716321678788,-1.46124482282529,-0.06270464,-0.16384287
0.388378742233568,-0.718005416422111,-0.048288807,-0.30403185
0.953070406257377,-0.930960051945003,-0.06270464,-0.16384287
-0.910596475636499,-0.0817694380946405,0.029000537,-0.12652385
-0.376762983040429,0.547660629074304,-0.048288807,-0.30403185
-0.676259321240509,0.670955923801635,-0.048288807,-0.30403185
-1.06559038269944,-0.202142312763057,0.11411746,0.44076788
-0.538779539421298,-0.370198619233513,-0.048288807,-0.30403185
-1.03388248254018,-1.08670269956478,-0.048288807,-0.30403185
0.531367778754094,0.583991473066364,-0.06270464,-0.16384287
0.344665971531891,1.34817898519967,-0.06270464,-0.16384287
-1.35556218334036,-0.955800990817773,0.11411746,0.44076788
-0.0938138317174397,0.503832933489619,0.11411746,0.44076788
2.69021867138233,0.948114324675329,-0.06270464,-0.16384287
-0.0938138317174397,0.503832933489619,0.11411746,0.44076788
-0.938528793193441,-1.3016186841059,-0.048288807,-0.30403185
1.58520761030792,0.501953392016199,-0.048288807,-0.30403185
0.297030624358104,-0.168733888829912,-0.06270464,-0.16384287
0.388378742233568,-0.718005416422111,-0.06270464,-0.16384287
0.659323023014141,0.419790902813263,-0.048288807,-0.30403185
-0.917082380091026,-0.111454939107718,0.11411746,0.44076788
-1.25318584467569,-0.373230601719483,-0.06270464,-0.16384287
0.297030624358104,-0.168733888829912,-0.06270464,-0.16384287
-0.381305299375105,-0.554495786603107,0.029000537,-0.12652385
1.34414485120188,0.835238301599536,0.029000537,-0.12652385
-0.63903245499336,-1.42491397883323,-0.048288807,-0.30403185
-0.970236693352702,-0.417058297304168,0.11411746,0.44076788
1.55175632666309,0.49341366183808,0.114117496,0.44076797
0.142036717295162,-0.289106763498329,0.02900053,-0.12652382
-0.301962052042057,0.0778567006247517,-0.048288807,-0.30403185
-0.109204533868566,-1.12983945471537,0.029000537,-0.12652385
-1.54716321678788,-1.46124482282529,-0.048288807,-0.30403185
0.205682506482641,0.380537638762288,-0.06270464,-0.16384287
-1.12523060041564,-0.537431171972585,0.029000537,-0.12652385
1.75038000942855,1.79634386748499,-0.048288807,-0.30403185
-0.687287542029713,-0.460885992888853,0.029000537,-0.12652385
0.476626787263214,1.51833395799766,-0.06270464,-0.16384287
-1.26421406546489,-1.50507251840997,-0.048288807,-0.30403185
0.205682506482641,0.380537638762288,-0.048288807,-0.30403185
-0.0024657138419762,-0.04543859410258,-0.06270464,-0.16384287
-0.974242264823977,-0.751413840355257,-0.048288807,-0.30403185
1.52035518249828,-0.29299025459794,-0.048288807,-0.30403185
-0.917082380091026,-0.111454939107718,0.029000537,-0.12652385
-0.511077210733313,-1.58911454908633,-0.06270464,-0.16384287
-1.26421406546489,-1.50507251840997,0.11411746,0.44076788
-1.18487081813185,-0.872720031182113,0.11411746,0.44076788
-0.0938138317174397,0.503832933489619,0.11411746,0.44076788
0.921362506098116,-0.0463996651432763,-0.048288807,-0.30403185
0.702059143962605,0.667072432702024,-0.048288807,-0.30403185
1.63109957399614,1.12576614906594,-0.048288807,-0.30403185
3.08506869892915,0.609903045406886,-0.048288807,-0.30403185
-0.0938138317174397,0.503832933489619,-0.048288807,-0.30403185
-0.472653417250568,-0.0052242590109083,-0.06270464,-0.16384287
-0.0938138317174397,0.503832933489619,0.11411746,0.44076788
0.205682506482641,0.380537638762288,-0.06270464,-0.16384287
0.527362207282818,0.249635930015276,-0.048288807,-0.30403185
-0.901921666808857,-0.916547726766798,-0.06270464,-0.16384287
2.29536864383551,1.28632560394377,-0.048288807,-0.30403185
-0.579392237277158,-1.0896251196237,-0.048288807,-0.30403185
-0.548304076980462,0.506755353548534,0.02900053,-0.12652382
0.606705454615866,0.881988417243135,-0.06270465,-0.16384284
0.205682506482641,0.380537638762288,-0.06270464,-0.16384287
0.985008295285594,0.62324473711734,0.029000537,-0.12652385
1.35930556448405,0.0301455139404558,-0.048288807,-0.30403185
-0.687287542029713,-0.460885992888853,-0.06270464,-0.16384287
-0.382272237741744,-1.79549080344932,-0.048288807,-0.30403185
1.03816260854727,0.92884809531379,-0.06270464,-0.16384287
0.94227217433713,0.375963207228578,-0.048288807,-0.30403185
0.376373871691152,0.463618598397948,-0.06270464,-0.16384287
0.643625564868572,0.45708281784602,0.029000537,-0.12652385
0.205682506482641,0.380537638762288,-0.06270464,-0.16384287
-0.456955959104999,-0.0425161740436652,0.11411746,0.44076788
1.53084665842408,0.0710507894662259,-0.06270464,-0.16384287
-0.18539193846186,-1.38566071478225,0.029000537,-0.12652385
-1.54716321678788,-1.46124482282529,-0.048288807,-0.30403185
0.782609029917822,1.42472416428341,-0.048288807,-0.30403185
-0.0621059315581789,-0.380727453312108,-0.06270464,-0.16384287
-1.35556218334036,-0.955800990817773,0.029000537,-0.12652385
-0.520601748292477,-0.712160576304281,-0.06270464,-0.16384287
-1.26421406546489,-1.50507251840997,0.029000537,-0.12652385
-0.236802868237966,-0.798163955998856,-0.048288807,-0.30403185
-1.07261303201737,-0.999628686402458,0.11411746,0.44076788
-0.301962052042057,0.0778567006247517,-0.06270464,-0.16384287
-0.0938138317174397,0.503832933489619,-0.06270464,-0.16384287
-1.34853953402243,-0.158314617178373,0.11411746,0.44076788
-0.531756890103371,0.427287754405887,0.029000537,-0.12652385
1.2208588442982,-0.169694959870608,-0.048288807,-0.30403185
-1.26421406546489,-1.50507251840997,0.029000537,-0.12652385
1.39676241960015,0.373040787169663,0.029000537,-0.12652385
-1.40817975173863,-0.4936034763879,0.029000537,-0.12652385
-1.63851133466335,-0.911973295233088,0.11411746,0.44076788
-0.602425328608776,-1.03984302149413,-0.06270465,-0.16384284
-0.394277108284159,-0.613866788629262,-0.06270465,-0.16384284
0.0888824040334871,-0.594710121694779,-0.048288807,-0.30403185
-0.301962052042057,0.0778567006247517,-0.06270464,-0.16384287
-0.301962052042057,0.0778567006247517,-0.048288807,-0.30403185
-1.1775351849458,-0.885210214278926,-0.06270464,-0.16384287
2.86665899154769,2.25865094434192,0.029000537,-0.12652385
-1.54716321678788,-1.46124482282529,-0.048288807,-0.30403185
-0.810573548933394,-1.465819254359,-0.06270464,-0.16384287
-0.301962052042057,0.0778567006247517,-0.048288807,-0.30403185
1.23624954644932,1.46397742833438,0.11411746,0.44076788
0.873957147793286,0.875452636691207,-0.048288807,-0.30403185
1.94772999783292,3.52924335952344,0.11411746,0.44076788
-0.520601748292477,-0.712160576304281,-0.048288807,-0.30403185
-1.54716321678788,-1.46124482282529,0.029000537,-0.12652385
-0.210613934166593,-0.471414826967448,-0.06270464,-0.16384287
-0.0772666448403481,0.424365334346972,-0.06270464,-0.16384287
-0.248807738780381,0.383460058821202,-0.048288807,-0.30403185
-1.07261303201737,-0.999628686402458,-0.06270464,-0.16384287
-1.35556218334036,-0.955800990817773,0.029000537,-0.12652385
1.3568252315008,0.334815555978467,0.11411746,0.44076788
1.8297232567616,2.42869635471285,0.11411746,0.44076788
-0.39331016991752,0.627128228216951,0.11411746,0.44076788
-1.26421406546489,-1.50507251840997,-0.048288807,-0.30403185
0.376373871691152,0.463618598397948,-0.048288807,-0.30403185
-1.63851133466335,-0.911973295233088,0.11411746,0.44076788
-0.456955959104999,-0.0425161740436652,0.11411746,0.44076788
-0.0938138317174397,0.503832933489619,-0.06270464,-0.16384287
-0.153454049433642,0.168544074280091,0.029000537,-0.12652385
0.547065236899663,0.546699558033608,-0.048288807,-0.30403185
1.78208790958781,0.911783480683268,0.029000537,-0.12652385
-0.431733963400265,-0.956762061858469,-0.048288807,-0.30403185
-0.648556992552524,-0.54796000605118,0.02900053,-0.12652382
-1.54716321678788,-1.46124482282529,0.02900053,-0.12652382
0.050688599419699,0.260164764093871,-0.048288807,-0.30403185
0.531367778754094,0.583991473066364,-0.048288807,-0.30403185
-0.536299206438047,-0.674868661271524,0.029000537,-0.12652385
0.205682506482641,0.380537638762288,-0.048288807,-0.30403185
-1.34853953402243,-0.158314617178373,0.029000537,-0.12652385
2.7655563472441,1.2461112688521,0.11411746,0.44076788
-0.0024657138419762,-0.04543859410258,-0.048288807,-0.30403185
-1.40817975173863,-0.4936034763879,-0.06270464,-0.16384287
-1.54716321678788,-1.46124482282529,-0.06270464,-0.16384287
-0.132237625200185,-1.0800573565858,0.11411746,0.44076788
0.388378742233568,-0.718005416422111,-0.06270464,-0.16384287
0.388378742233568,-0.718005416422111,-0.048288807,-0.30403185
-0.0089516182965036,-0.0751240951156572,-0.048288807,-0.30403185
0.547065236899663,0.546699558033608,0.029000537,-0.12652385
0.285025753815689,1.01289012599015,-0.048288807,-0.30403185
1.95973486837533,2.34761934470339,0.029000537,-0.12652385
-0.264198440931508,-1.25021232938379,-0.048288807,-0.30403185
-0.825734262215563,-0.660726466699917,0.029000537,-0.12652385
-0.857978907238224,-0.543966952524513,-0.06270464,-0.16384287
-1.54716321678788,-1.46124482282529,-0.048288807,-0.30403185
1.51981843763488,-1.06079112722426,0.029000537,-0.12652385
-0.210613934166593,-0.471414826967448,0.029000537,-0.12652385
-0.0024657138419762,-0.04543859410258,-0.06270464,-0.16384287
1.5357458846494,1.34068213360705,-0.048288807,-0.30403185
0.825345150866286,1.67200569417217,-0.06270464,-0.16384287
0.761699361678808,1.00236129191155,0.029000537,-0.12652385
-1.42788278135548,-0.790667104406232,0.11411746,0.44076788
-0.516596176821201,-0.377805033253193,-0.06270464,-0.16384287
0.205682506482641,0.380537638762288,0.11411746,0.44076788
-1.31683163386317,-1.0428750039801,0.029000537,-0.12652385
1.98646054731011,3.44216934636112,0.114117496,0.44076797
0.643625564868572,0.45708281784602,0.02900053,-0.12652382
-0.210613934166593,-0.471414826967448,-0.06270464,-0.16384287
-0.564001535126031,0.544047268581291,0.11411746,0.44076788
0.376373871691152,0.463618598397948,-0.048288807,-0.30403185
-0.157459620904918,-0.165811468770997,-0.06270464,-0.16384287
-0.901921666808857,-0.916547726766798,-0.06270464,-0.16384287
0.142036717295162,-0.289106763498329,-0.06270464,-0.16384287
2.83495109138843,3.14321133114365,0.11411746,0.44076788
-0.210613934166593,-0.471414826967448,-0.06270464,-0.16384287
0.205682506482641,0.380537638762288,-0.048288807,-0.30403185
-0.676259321240509,0.670955923801635,-0.06270464,-0.16384287
-0.878888575477238,-0.966329824896367,-0.048288807,-0.30403185
-0.210613934166593,-0.471414826967448,0.11411746,0.44076788
-1.40817975173863,-0.4936034763879,0.029000537,-0.12652385
0.591007996470297,0.919280332275892,-0.048288807,-0.30403185
-0.981264914141905,-1.54890021399466,0.029000537,-0.12652385
-0.39331016991752,0.627128228216951,0.11411746,0.44076788
1.34287115684079,1.26520758799107,-0.048288807,-0.30403185
1.0446485130018,0.958533596326868,0.029000537,-0.12652385
-0.62764732431351,-0.125597133679325,-0.06270464,-0.16384287
-0.440945517091307,-0.889784645812635,-0.06270464,-0.16384287
1.16242526520416,-0.379684574726613,-0.048288807,-0.30403185
0.0888824040334871,-0.594710121694779,-0.048288807,-0.30403185
0.078390928107684,-0.958751165758945,-0.06270464,-0.16384287
0.205682506482641,0.380537638762288,-0.048288807,-0.30403185
1.87895499355116,-0.848797562742067,-0.048288807,-0.30403185
-0.356083303670371,-1.46874167441791,-0.06270464,-0.16384287
1.38075197758646,1.22030925893863,-0.048288807,-0.30403185
0.205682506482641,0.380537638762288,0.029000537,-0.12652385
0.233384835170626,-0.838378291090528,0.11411746,0.44076788
0.173744617454423,-1.17366715030006,-0.048288807,-0.30403185
-0.579392237277158,-1.0896251196237,-0.06270465,-0.16384284
0.514820591877002,0.663459072209011,-0.048288792,-0.30403188
-1.54716321678788,-1.46124482282529,-0.06270464,-0.16384287
-0.61194986616794,-0.162889048712082,0.029000537,-0.12652385
1.51429947154699,0.150518388608873,-0.048288807,-0.30403185
0.297030624358104,-0.168733888829912,-0.048288807,-0.30403185
1.99023612991243,1.33775971354814,0.029000537,-0.12652385
1.43949854054862,0.620322317058425,-0.048288807,-0.30403185
1.63109957399614,1.12576614906594,0.029000537,-0.12652385
0.547065236899663,0.546699558033608,-0.06270464,-0.16384287
-1.57887111694714,-0.57668443602356,-0.048288807,-0.30403185
-0.831253228303451,0.550583049133219,-0.06270464,-0.16384287
-1.03388248254018,-1.08670269956478,-0.048288807,-0.30403185
-0.264505196925951,0.420751973853959,0.11411746,0.44076788
-0.157459620904918,-0.165811468770997,-0.06270464,-0.16384287
-1.54716321678788,-1.46124482282529,0.029000537,-0.12652385
-0.611100137436418,-0.205064732821972,0.029000537,-0.12652385
-1.29592196562415,-0.620512131608245,0.11411746,0.44076788
0.376373871691152,0.463618598397948,-0.06270464,-0.16384287
0.205682506482641,0.380537638762288,0.029000537,-0.12652385
-0.0938138317174397,0.503832933489619,-0.06270464,-0.16384287
0.253317853656428,1.89745051279187,0.11411746,0.44076788
-0.0495643161523632,-0.794550595505843,-0.048288807,-0.30403185
0.659323023014141,0.419790902813263,-0.048288807,-0.30403185
-1.54716321678788,-1.46124482282529,-0.048288807,-0.30403185
-0.548304076980462,0.506755353548534,0.11411746,0.44076788
-0.382272237741744,-1.79549080344932,-0.06270464,-0.16384287
-0.0024657138419762,-0.04543859410258,-0.06270464,-0.16384287
-0.864464811692751,-0.57365245353759,0.11411746,0.44076788
-1.40817975173863,-0.4936034763879,-0.048288807,-0.30403185
-0.153454049433642,0.168544074280091,0.11411746,0.44076788
-0.595939424154249,-1.01015752048105,-0.048288807,-0.30403185
-0.431733963400265,-0.956762061858469,-0.06270465,-0.16384284
-1.14493363003249,-0.834494799990917,-0.06270465,-0.16384284
-1.35556218334036,-0.955800990817773,0.029000537,-0.12652385
-1.54716321678788,-1.46124482282529,-0.048288807,-0.30403185
0.360676413545583,0.500910513430704,0.11411746,0.44076788
0.344665971531891,1.34817898519967,0.11411746,0.44076788
2.56693266447865,-0.0568189367948152,0.029000537,-0.12652385
-0.595939424154249,-1.01015752048105,0.029000537,-0.12652385
1.40779064038936,1.50488270386015,-0.048288807,-0.30403185
-0.739905110427988,0.0013115215410194,-0.06270464,-0.16384287
1.64333443340751,2.38290731010995,0.11411746,0.44076788
-0.655579641870452,-1.34544637969058,-0.06270464,-0.16384287
-0.981264914141905,-1.54890021399466,0.11411746,0.44076788
1.11381326827716,0.416868482754348,-0.06270464,-0.16384287
-0.39331016991752,0.627128228216951,0.029000537,-0.12652385
-0.39331016991752,0.627128228216951,-0.048288807,-0.30403185
2.79531504328578,0.110318899242917,-0.048288807,-0.30403185
-0.425248058945738,-0.927076560845392,-0.048288807,-0.30403185
0.985008295285594,0.62324473711734,0.11411746,0.44076788
-0.248807738780381,0.383460058821202,-0.06270464,-0.16384287
-0.981264914141905,-1.54890021399466,-0.048288807,-0.30403185
0.297030624358104,-0.168733888829912,-0.06270464,-0.16384287
-0.0286546479133489,-0.372187723133989,-0.06270464,-0.16384287
-1.09352270025638,-1.42199155877431,-0.048288807,-0.30403185
0.205682506482641,0.380537638762288,-0.06270464,-0.16384287
2.14122446550409,1.12377704516546,0.11411746,0.44076788
2.92229363779261,2.25958426050036,-0.048288807,-0.30403185
0.297030624358104,-0.168733888829912,0.029000537,-0.12652385
0.231871440554013,0.707286767793696,0.029000537,-0.12652385
1.56745378480866,0.456121746805323,-0.048288807,-0.30403185
0.98901386675687,0.957600280168428,0.029000537,-0.12652385
0.404076200379137,-0.755297331454868,-0.048288807,-0.30403185
-0.157459620904918,-0.165811468770997,0.114117496,0.44076797
-1.54716321678788,-1.46124482282529,0.02900053,-0.12652382
-0.382272237741744,-1.79549080344932,0.029000537,-0.12652385
0.467721989566616,-0.0856529291942516,-0.048288807,-0.30403185
-0.372093745684063,-0.621473202648942,-0.048288807,-0.30403185
-1.03388248254018,-1.08670269956478,-0.06270464,-0.16384287
2.35986416175451,1.9137943220945,0.029000537,-0.12652385
-1.35556218334036,-0.955800990817773,0.029000537,-0.12652385
3.08044338759531,2.75648836232976,0.11411746,0.44076788
1.88998321434036,0.283044353948422,0.11411746,0.44076788
0.105429590910579,-0.674177720837426,-0.048288807,-0.30403185
-0.301962052042057,0.0778567006247517,0.029000537,-0.12652385
-0.308447956496584,0.0481711996116745,-0.06270464,-0.16384287
-0.798338689522021,-0.208678093314985,0.029000537,-0.12652385
1.99023612991243,1.33775971354814,0.029000537,-0.12652385
-0.0938138317174397,0.503832933489619,0.029000537,-0.12652385
-1.72985945253881,-0.362701767640889,0.11411746,0.44076788
0.297030624358104,-0.168733888829912,-0.048288807,-0.30403185
1.95277927479632,0.994864440318928,0.11411746,0.44076788
-0.472653417250568,-0.0052242590109083,-0.048288807,-0.30403185
-1.06158481122816,0.132213230288031,-0.06270464,-0.16384287
-0.0024657138419762,-0.04543859410258,0.029000537,-0.12652385
-0.0938138317174397,0.503832933489619,0.11411746,0.44076788
-0.0938138317174397,0.503832933489619,-0.06270464,-0.16384287
-1.35556218334036,-0.955800990817773,0.029000537,-0.12652385
0.291511658270216,1.04257562700322,0.029000537,-0.12652385
-0.750933331217191,-1.13053039514947,0.11411746,0.44076788
2.05508855772207,2.13270336016227,0.11411746,0.44076788
-0.340385845524802,-1.50603358945067,-0.048288807,-0.30403185
-0.39331016991752,0.627128228216951,0.11411746,0.44076788
-0.536299206438047,-0.674868661271524,-0.048288807,-0.30403185
-1.57887111694714,-0.57668443602356,-0.048288807,-0.30403185
-1.26421406546489,-1.50507251840997,-0.048288792,-0.30403188
0.200163540394753,1.59184715459542,-0.048288792,-0.30403188
-0.0938138317174397,0.503832933489619,0.029000537,-0.12652385
0.376373871691152,0.463618598397948,0.029000537,-0.12652385
0.467721989566616,-0.0856529291942516,-0.048288807,-0.30403185
1.11381326827716,0.416868482754348,0.029000537,-0.12652385
-0.125751720745657,-1.05037185557272,0.029000537,-0.12652385
-0.431733963400265,-0.956762061858469,-0.06270464,-0.16384287
0.388378742233568,-0.718005416422111,0.029000537,-0.12652385
-1.48752299907168,-1.12595596361576,-0.06270464,-0.16384287
-1.54716321678788,-1.46124482282529,-0.048288807,-0.30403185
2.02194403007169,0.453199326746409,0.029000537,-0.12652385
-1.20457384774869,-1.16978365920044,-0.048288807,-0.30403185
-0.39331016991752,0.627128228216951,0.11411746,0.44076788
0.659323023014141,0.419790902813263,0.11411746,0.44076788
0.205682506482641,0.380537638762288,-0.06270464,-0.16384287
0.205682506482641,0.380537638762288,0.029000537,-0.12652385
-0.301962052042057,0.0778567006247517,0.11411746,0.44076788
-1.26421406546489,-1.50507251840997,-0.06270464,-0.16384287
-0.0722844236158602,-1.55474505411249,0.029000537,-0.12652385
-1.12523060041564,-0.537431171972585,0.11411746,0.44076788
-0.538779539421298,-0.370198619233513,0.029000537,-0.12652385
0.388378742233568,-0.718005416422111,-0.048288807,-0.30403185
-1.07261303201737,-0.999628686402458,-0.06270464,-0.16384287
-0.798338689522021,-0.208678093314985,0.11411746,0.44076788
0.547065236899663,0.546699558033608,0.029000537,-0.12652385
-0.0938138317174397,0.503832933489619,0.11411746,0.44076788
-0.0024657138419762,-0.04543859410258,-0.048288807,-0.30403185
-0.607944294696665,0.171466494339006,0.11411746,0.44076788
-0.302928990408696,-1.16313831622146,-0.048288807,-0.30403185
-1.26421406546489,-1.50507251840997,0.029000537,-0.12652385
0.905665047952546,-0.0091077501105194,0.029000537,-0.12652385
-0.520601748292477,-0.712160576304281,-0.048288792,-0.30403188
0.233384835170626,-0.838378291090528,-0.06270465,-0.16384284
0.702059143962605,0.667072432702024,0.029000537,-0.12652385
0.205682506482641,0.380537638762288,0.029000537,-0.12652385
2.20953949204794,0.624287615702835,-0.048288807,-0.30403185
-0.0938138317174397,0.503832933489619,0.11411746,0.44076788
0.540042587581736,-0.250786815605793,-0.048288807,-0.30403185
-1.35556218334036,-0.955800990817773,-0.06270464,-0.16384287
0.142036717295162,-0.289106763498329,-0.048288807,-0.30403185
-0.62764732431351,-0.125597133679325,0.029000537,-0.12652385
0.877962719264561,1.2098081797423,0.029000537,-0.12652385
-0.210613934166593,-0.471414826967448,-0.06270464,-0.16384287
-0.301962052042057,0.0778567006247517,0.029000537,-0.12652385
1.29650950402809,-0.68167457243005,0.029000537,-0.12652385
-0.58024196600868,-1.04744943551381,-0.048288807,-0.30403185
0.48863165780563,0.336709943177603,-0.048288807,-0.30403185
0.402562805762525,0.790367727429356,-0.048288807,-0.30403185
2.14523003697537,1.45813258821655,0.029000537,-0.12652385
0.397283539930166,0.885981470769802,-0.048288807,-0.30403185
-0.84695068644902,0.587874964165976,0.029000537,-0.12652385
2.46163047194319,1.42284462280999,0.11411746,0.44076788
0.205682506482641,0.380537638762288,-0.06270464,-0.16384287
2.08158424778789,0.788488185955936,0.029000537,-0.12652385
-0.382272237741744,-1.79549080344932,-0.048288807,-0.30403185
0.233384835170626,-0.838378291090528,-0.06270464,-0.16384287
-1.10922015840195,-1.38469964374156,-0.048288807,-0.30403185
0.205682506482641,0.380537638762288,-0.06270464,-0.16384287
0.360676413545583,0.500910513430704,-0.048288807,-0.30403185
-1.2476668785878,-1.58454011755262,0.029000537,-0.12652385
-1.48752299907168,-1.12595596361576,0.029000537,-0.12652385
-0.387791203829632,-0.584181287616185,-0.06270464,-0.16384287
2.24796328553068,2.20817790577825,-0.06270464,-0.16384287
-0.382272237741744,-1.79549080344932,0.02900053,-0.12652382
-1.54716321678788,-1.46124482282529,-0.048288792,-0.30403188
-0.584911203365046,0.121684396209436,0.029000537,-0.12652385
2.80701877383148,1.9233620851324,-0.06270464,-0.16384287
0.205682506482641,0.380537638762288,-0.06270464,-0.16384287
0.0611800753455022,0.624205808158036,0.029000537,-0.12652385
-0.0938138317174397,0.503832933489619,0.11411746,0.44076788
0.297030624358104,-0.168733888829912,-0.048288807,-0.30403185
-0.776512236812572,-0.383759435798078,-0.06270464,-0.16384287
0.205682506482641,0.380537638762288,0.029000537,-0.12652385
0.205682506482641,0.380537638762288,-0.048288807,-0.30403185
-0.372093745684063,-0.621473202648942,-0.06270464,-0.16384287
-1.26421406546489,-1.50507251840997,-0.06270464,-0.16384287
0.205682506482641,0.380537638762288,0.029000537,-0.12652385
-1.26421406546489,-1.50507251840997,-0.048288807,-0.30403185
-0.981264914141905,-1.54890021399466,0.029000537,-0.12652385
-0.667584512412867,-0.163822364870522,0.11411746,0.44076788
2.98419604349452,2.03612854578113,0.029000537,-0.12652385
-0.39331016991752,0.627128228216951,-0.06270464,-0.16384287
-0.456955959104999,-0.0425161740436652,0.029000537,-0.12652385
0.0888824040334871,-0.594710121694779,-0.048288807,-0.30403185
0.205682506482641,0.380537638762288,0.029000537,-0.12652385
0.601196199914551,-1.46116301528049,-0.048288807,-0.30403185
-0.387791203829632,-0.584181287616185,-0.06270464,-0.16384287
-0.0024657138419762,-0.04543859410258,-0.048288807,-0.30403185
-0.981264914141905,-1.54890021399466,-0.06270464,-0.16384287
-0.365607841229535,-0.591787701635864,-0.048288807,-0.30403185
0.297030624358104,-0.168733888829912,-0.048288807,-0.30403185
-0.773116693817288,-1.12292398112979,-0.06270464,-0.16384287
1.78208790958781,0.911783480683268,0.029000537,-0.12652385
1.40779064038936,1.50488270386015,0.11411746,0.44076788
0.297030624358104,-0.168733888829912,-0.06270464,-0.16384287
-1.14092805856121,-0.500139256939828,0.02900053,-0.12652382
-0.0621059315581789,-0.380727453312108,-0.06270465,-0.16384284
0.231871440554013,0.707286767793696,0.11411746,0.44076788
0.168225651366535,0.0376423655330801,0.029000537,-0.12652385
-0.0024657138419762,-0.04543859410258,-0.048288807,-0.30403185
-0.667584512412867,-0.163822364870522,0.11411746,0.44076788
0.750671140889605,-0.129480624778936,-0.048288807,-0.30403185
-0.376762983040429,0.547660629074304,-0.048288807,-0.30403185
0.72976147265059,-0.551843497150791,-0.048288807,-0.30403185
0.702059143962605,0.667072432702024,0.029000537,-0.12652385
1.49913875826482,0.955611176267953,-0.048288807,-0.30403185
-1.06559038269944,-0.202142312763057,0.11411746,0.44076788
-0.372093745684063,-0.621473202648942,-0.06270464,-0.16384287
-0.403801645843323,0.263087184152785,-0.048288807,-0.30403185
-0.39331016991752,0.627128228216951,0.029000537,-0.12652385
-0.622128358225622,-1.33690664951246,-0.06270464,-0.16384287
0.285025753815689,1.01289012599015,-0.06270464,-0.16384287
0.659323023014141,0.419790902813263,0.029000537,-0.12652385
-0.730380572868824,-0.875642451241028,-0.048288807,-0.30403185
-0.58024196600868,-1.04744943551381,-0.06270464,-0.16384287
2.66402973731096,0.62136519564392,-0.048288807,-0.30403185
0.205682506482641,0.380537638762288,-0.048288807,-0.30403185
1.0821053681179,1.30142886955607,0.11411746,0.44076788
-1.2476668785878,-1.58454011755262,-0.06270464,-0.16384287
0.205682506482641,0.380537638762288,-0.06270464,-0.16384287
-1.06559038269944,-0.202142312763057,-0.06270464,-0.16384287
-0.425248058945738,-0.927076560845392,-0.06270464,-0.16384287
-1.35556218334036,-0.955800990817773,0.11411746,0.44076788
-0.0024657138419762,-0.04543859410258,0.029000537,-0.12652385
-0.579392237277158,-1.0896251196237,-0.06270464,-0.16384287
0.814316930077083,0.54016377748168,0.11411746,0.44076788
-1.364236992168,-0.121022702145616,0.029000537,-0.12652385
1.231350320224,0.194346084193558,0.02900053,-0.12652382
1.20516138615263,-0.132403044837851,-0.06270465,-0.16384284
-0.794026362056302,-1.54528685350164,0.11411746,0.44076788
-1.25719141614697,-0.707586144770572,-0.048288807,-0.30403185
-0.890893446019654,0.215294189923691,0.029000537,-0.12652385
0.205682506482641,0.380537638762288,0.029000537,-0.12652385
-0.810573548933394,-1.465819254359,-0.048288807,-0.30403185
1.0446485130018,0.958533596326868,0.11411746,0.44076788
1.40779064038936,1.50488270386015,0.029000537,-0.12652385
0.0297789311806847,-0.162198108277984,-0.048288807,-0.30403185
0.714294003373978,1.92421359374604,0.11411746,0.44076788
0.297030624358104,-0.168733888829912,-0.06270464,-0.16384287
1.55229307152649,1.2612145344644,-0.048288807,-0.30403185
0.328738524517365,-1.05329427563164,-0.048288807,-0.30403185
1.89888801203696,1.88703124114033,0.029000537,-0.12652385
0.173744617454423,-1.17366715030006,-0.048288807,-0.30403185
-1.20457384774869,-1.16978365920044,-0.06270464,-0.16384287
-1.10219750908402,-0.587213270102155,-0.048288807,-0.30403185
-0.493563085489582,-0.427587131382763,-0.048288807,-0.30403185
-0.0024657138419762,-0.04543859410258,-0.06270464,-0.16384287
1.14000220234854,0.743617611785757,-0.06270464,-0.16384287
0.205682506482641,0.380537638762288,0.029000537,-0.12652385
2.82982187629415,-0.565185188861244,0.11411746,0.44076788
-0.674745926623897,-0.874709135082588,-0.048288807,-0.30403185
-1.48752299907168,-1.12595596361576,0.029000537,-0.12652385
1.65880190268413,-0.0931497807868758,0.029000537,-0.12652385
-1.40817975173863,-0.4936034763879,-0.06270464,-0.16384287
-0.173157079050488,-0.12851955373824,0.029000537,-0.12652385
0.264116085576674,0.590527253618292,-0.06270464,-0.16384287
-0.0938138317174397,0.503832933489619,-0.048288807,-0.30403185
-0.382272237741744,-1.79549080344932,-0.048288807,-0.30403185
-0.0722844236158602,-1.55474505411249,0.11411746,0.44076788
-0.0725974074839821,-0.744768497376273,-0.06270465,-0.16384284
0.671327893556557,-0.761833112006796,-0.048288792,-0.30403188
0.531367778754094,0.583991473066364,0.029000537,-0.12652385
-1.46781996945484,-0.828892335597428,0.11411746,0.44076788
-0.0024657138419762,-0.04543859410258,-0.06270464,-0.16384287
1.28450463348567,0.499949442390008,0.11411749,0.4407679
-0.0138508445218266,-1.34475543925648,0.029000537,-0.12652385
2.02194403007169,0.453199326746409,0.029000537,-0.12652385
-0.0024657138419762,-0.04543859410258,-0.048288807,-0.30403185
0.388378742233568,-0.718005416422111,0.029000537,-0.12652385
-0.0938138317174397,0.503832933489619,0.11411746,0.44076788
1.10980769680589,0.0825129397032597,0.029000545,-0.12652388
-0.0621059315581789,-0.380727453312108,0.029000537,-0.12652385
1.0446485130018,0.958533596326868,0.11411746,0.44076788
-0.157459620904918,-0.165811468770997,0.029000537,-0.12652385
0.17397460632338,1.26509802556401,0.11411746,0.44076788
0.782609029917822,1.42472416428341,0.11411746,0.44076788
-1.04957994068575,-1.04941078453203,0.029000523,-0.12652388
-1.23628174790795,-0.285223272398717,0.11411746,0.44076788
-0.782641231376452,-0.245970008347742,0.029000537,-0.12652385
-0.739905110427988,0.0013115215410194,0.11411746,0.44076788
0.323219558429477,0.158015240201497,0.029000537,-0.12652385
-1.54716321678788,-1.46124482282529,-0.048288807,-0.30403185
-1.54716321678788,-1.46124482282529,-0.048288763,-0.3040319
0.205682506482641,0.380537638762288,-0.06270464,-0.16384287
1.26480160386883,0.202885814371677,-0.048288807,-0.30403185
-0.981264914141905,-1.54890021399466,-0.06270465,-0.16384284
